,title,author,year,img-url
0,1984,George Orwell,1990,http://images.amazon.com/images/P/0451524934.01.LZZZZZZZ.jpg
1,1st to Die: A Novel,James Patterson,2001,http://images.amazon.com/images/P/0316666009.01.LZZZZZZZ.jpg
2,2nd Chance,James Patterson,2004,http://images.amazon.com/images/P/060629807X.01.LZZZZZZZ.jpg
3,4 Blondes,Candace Bushnell,2002,http://images.amazon.com/images/P/0451203895.01.LZZZZZZZ.jpg
4,84 Charing Cross Road,Helene Hanff,0,http://images.amazon.com/images/P/0860074382.01.LZZZZZZZ.jpg
5,A Bend in the Road,Nicholas Sparks,2001,http://images.amazon.com/images/P/0446527785.01.LZZZZZZZ.jpg
6,A Case of Need,Michael Crichton,1993,http://images.amazon.com/images/P/0525938028.01.LZZZZZZZ.jpg
7,"A Child Called \It\"": One Child's Courage to Survive""",Dave Pelzer,1995,http://images.amazon.com/images/P/1558743669.01.LZZZZZZZ.jpg
8,A Civil Action,Jonathan Harr,1995,http://images.amazon.com/images/P/0394563492.01.LZZZZZZZ.jpg
9,A Cry In The Night,Mary Higgins Clark,1993,http://images.amazon.com/images/P/0671886665.01.LZZZZZZZ.jpg
10,A Darkness More Than Night,Michael Connelly,2002,http://images.amazon.com/images/P/0446667900.01.LZZZZZZZ.jpg
11,A Day Late and a Dollar Short,Terry McMillan,2002,http://images.amazon.com/images/P/0451204948.01.LZZZZZZZ.jpg
12,A Fine Balance,Rohinton Mistry,2001,http://images.amazon.com/images/P/140003065X.01.LZZZZZZZ.jpg
13,A Great Deliverance,Elizabeth George,2000,http://images.amazon.com/images/P/0553527126.01.LZZZZZZZ.jpg
14,A Heartbreaking Work of Staggering Genius,Dave Eggers,2001,http://images.amazon.com/images/P/0375725784.01.LZZZZZZZ.jpg
15,A Is for Alibi (Kinsey Millhone Mysteries (Paperback)),SUE GRAFTON,1987,http://images.amazon.com/images/P/0553279912.01.LZZZZZZZ.jpg
16,A Lesson Before Dying (Vintage Contemporaries (Paperback)),Ernest J. Gaines,1997,http://images.amazon.com/images/P/0375702709.01.LZZZZZZZ.jpg
17,A Man Named Dave: A Story of Triumph and Forgiveness,David J. Pelzer,2000,http://images.amazon.com/images/P/0452281903.01.LZZZZZZZ.jpg
18,A Man in Full,Tom Wolfe,1998,http://images.amazon.com/images/P/0553478907.01.LZZZZZZZ.jpg
19,A Map of the World,Jane Hamilton,1999,http://images.amazon.com/images/P/0385720106.01.LZZZZZZZ.jpg
20,A Painted House,John Grisham,2001,http://images.amazon.com/images/P/044023722X.01.LZZZZZZZ.jpg
21,A Patchwork Planet,ANNE TYLER,2001,http://images.amazon.com/images/P/080411918X.01.LZZZZZZZ.jpg
22,A Prayer for Owen Meany,John Irving,1990,http://images.amazon.com/images/P/0345361792.01.LZZZZZZZ.jpg
23,A Thin Dark Line (Mysteries &amp; Horror),TAMI HOAG,1998,http://images.amazon.com/images/P/0553571885.01.LZZZZZZZ.jpg
24,A Thousand Acres (Ballantine Reader's Circle),JANE SMILEY,1992,http://images.amazon.com/images/P/0449907481.01.LZZZZZZZ.jpg
25,A Time to Kill,John Grisham,1992,http://images.amazon.com/images/P/0922066728.01.LZZZZZZZ.jpg
26,A Virtuous Woman (Oprah's Book Club (Paperback)),Kaye Gibbons,1997,http://images.amazon.com/images/P/0375703063.01.LZZZZZZZ.jpg
27,A Walk to Remember,Nicholas Sparks,2000,http://images.amazon.com/images/P/0446608955.01.LZZZZZZZ.jpg
28,A Widow for One Year,JOHN IRVING,2001,http://images.amazon.com/images/P/034543479X.01.LZZZZZZZ.jpg
29,A Wrinkle In Time,MADELEINE L'ENGLE,1998,http://images.amazon.com/images/P/0440498058.01.LZZZZZZZ.jpg
30,A Wrinkle in Time,L'Engle Madelein,1996,http://images.amazon.com/images/P/0440220394.01.LZZZZZZZ.jpg
31,A Year in Provence,Peter Mayle,1990,http://images.amazon.com/images/P/0394572300.01.LZZZZZZZ.jpg
32,ANGELA'S ASHES,Frank McCourt,1996,http://images.amazon.com/images/P/0684874350.01.LZZZZZZZ.jpg
33,Abduction,Robin Cook,2000,http://images.amazon.com/images/P/042517736X.01.LZZZZZZZ.jpg
34,About a Boy,Nick Hornby,2002,http://images.amazon.com/images/P/0140285679.01.LZZZZZZZ.jpg
35,Absolute Power,David Baldacci,1996,http://images.amazon.com/images/P/0446603589.01.LZZZZZZZ.jpg
36,Acceptable Risk,Robin Cook,1996,http://images.amazon.com/images/P/0425151867.01.LZZZZZZZ.jpg
37,Accident,Danielle Steel,1994,http://images.amazon.com/images/P/0385306024.01.LZZZZZZZ.jpg
38,Airframe,MICHAEL CRICHTON,1996,http://images.amazon.com/images/P/0679452664.01.LZZZZZZZ.jpg
39,Alaska,James A. Michener,1994,http://images.amazon.com/images/P/0449217264.01.LZZZZZZZ.jpg
40,All Around the Town,Mary Higgins Clark,1993,http://images.amazon.com/images/P/0671793489.01.LZZZZZZZ.jpg
41,All Creatures Great and Small,James Herriot,1985,http://images.amazon.com/images/P/0553268120.01.LZZZZZZZ.jpg
42,All I Really Need to Know,ROBERT FULGHUM,1989,http://images.amazon.com/images/P/080410526X.01.LZZZZZZZ.jpg
43,All That Remains (Kay Scarpetta Mysteries (Paperback)),Patricia D. Cornwell,1993,http://images.amazon.com/images/P/0380718332.01.LZZZZZZZ.jpg
44,"All the Pretty Horses (The Border Trilogy, Vol 1)",CORMAC MCCARTHY,1993,http://images.amazon.com/images/P/0679744398.01.LZZZZZZZ.jpg
45,Along Came a Spider (Alex Cross Novels),James Patterson,1993,http://images.amazon.com/images/P/0446364193.01.LZZZZZZZ.jpg
46,American Gods,Neil Gaiman,2002,http://images.amazon.com/images/P/0380789035.01.LZZZZZZZ.jpg
47,And Then You Die,Iris Johansen,1998,http://images.amazon.com/images/P/0553579983.01.LZZZZZZZ.jpg
48,Angela's Ashes (MMP) : A Memoir,Frank McCourt,1999,http://images.amazon.com/images/P/0684872153.01.LZZZZZZZ.jpg
49,Angela's Ashes: A Memoir,Frank McCourt,1999,http://images.amazon.com/images/P/068484267X.01.LZZZZZZZ.jpg
50,Angels,Marian Keyes,2003,http://images.amazon.com/images/P/0060008032.01.LZZZZZZZ.jpg
51,Angels &amp; Demons,Dan Brown,2003,http://images.amazon.com/images/P/0743486226.01.LZZZZZZZ.jpg
52,"Angus, Thongs and Full-Frontal Snogging: Confessions of Georgia Nicolson",Louise Rennison,2001,http://images.amazon.com/images/P/0064472272.01.LZZZZZZZ.jpg
53,Animal Dreams,Barbara Kingsolver,1991,http://images.amazon.com/images/P/0060921145.01.LZZZZZZZ.jpg
54,Animal Farm,George Orwell,1956,http://images.amazon.com/images/P/0451518012.01.LZZZZZZZ.jpg
55,Anne Frank: The Diary of a Young Girl,ANNE FRANK,1993,http://images.amazon.com/images/P/0553296981.01.LZZZZZZZ.jpg
56,Anne of Avonlea (Anne of Green Gables Novels (Paperback)),L.M. MONTGOMERY,1984,http://images.amazon.com/images/P/0553213148.01.LZZZZZZZ.jpg
57,Anne of Green Gables (Anne of Green Gables Novels (Paperback)),L.M. Montgomery,1984,http://images.amazon.com/images/P/0553153277.01.LZZZZZZZ.jpg
58,Anne of the Island,Lucy Maud Montgomery,1983,http://images.amazon.com/images/P/0553213172.01.LZZZZZZZ.jpg
59,"Artemis Fowl (Artemis Fowl, Book 1)",Eoin Colfer,2001,http://images.amazon.com/images/P/0786808012.01.LZZZZZZZ.jpg
60,Ashes to Ashes,Tami Hoag,1999,http://images.amazon.com/images/P/0671582321.01.LZZZZZZZ.jpg
61,At Home in Mitford (The Mitford Years),Jan Karon,1996,http://images.amazon.com/images/P/014025448X.01.LZZZZZZZ.jpg
62,Atonement : A Novel,IAN MCEWAN,2003,http://images.amazon.com/images/P/038572179X.01.LZZZZZZZ.jpg
63,B Is for Burglar (Kinsey Millhone Mysteries (Paperback)),Sue Grafton,1986,http://images.amazon.com/images/P/0553280341.01.LZZZZZZZ.jpg
64,Back Roads,Tawni O'Dell,2001,http://images.amazon.com/images/P/0451202341.01.LZZZZZZZ.jpg
65,Bag of Bones,Stephen King,1999,http://images.amazon.com/images/P/067102423X.01.LZZZZZZZ.jpg
66,Balzac and the Little Chinese Seamstress : A Novel,DAI SIJIE,2002,http://images.amazon.com/images/P/0385722206.01.LZZZZZZZ.jpg
67,Bastard Out of Carolina,Dorothy Allison,1992,http://images.amazon.com/images/P/0525934251.01.LZZZZZZZ.jpg
68,Beach House,Mary Alice Monroe,2002,http://images.amazon.com/images/P/1551668998.01.LZZZZZZZ.jpg
69,Beach Music,Pat Conroy,1996,http://images.amazon.com/images/P/0553574574.01.LZZZZZZZ.jpg
70,Before I Say Good-Bye,Mary Higgins Clark,2000,http://images.amazon.com/images/P/0671047876.01.LZZZZZZZ.jpg
71,Bel Canto: A Novel,Ann Patchett,2002,http://images.amazon.com/images/P/0060934417.01.LZZZZZZZ.jpg
72,Beloved,Toni Morrison,1998,http://images.amazon.com/images/P/0452280621.01.LZZZZZZZ.jpg
73,Beloved (Plume Contemporary Fiction),Toni Morrison,1994,http://images.amazon.com/images/P/0452264464.01.LZZZZZZZ.jpg
74,Betrayal in Death,Nora Roberts,2001,http://images.amazon.com/images/P/0425178579.01.LZZZZZZZ.jpg
75,Big Cherry Holler: A Big Stone Gap Novel (Ballantine Reader's Circle),Adriana Trigiani,2002,http://images.amazon.com/images/P/0345445848.01.LZZZZZZZ.jpg
76,Big Stone Gap: A Novel (Ballantine Reader's Circle),Adriana Trigiani,2001,http://images.amazon.com/images/P/0345438329.01.LZZZZZZZ.jpg
77,Big Trouble,Dave Barry,2001,http://images.amazon.com/images/P/0425178102.01.LZZZZZZZ.jpg
78,Billy Straight : A Novel,JONATHAN KELLERMAN,1999,http://images.amazon.com/images/P/0345413865.01.LZZZZZZZ.jpg
79,Birthright,Joseph Amiel,1986,http://images.amazon.com/images/P/0449128725.01.LZZZZZZZ.jpg
80,Bittersweet,DANIELLE STEEL,2000,http://images.amazon.com/images/P/0440224845.01.LZZZZZZZ.jpg
81,Black House,Stephen King,2001,http://images.amazon.com/images/P/0375504397.01.LZZZZZZZ.jpg
82,Black Notice,Patricia Daniels Cornwell,1999,http://images.amazon.com/images/P/039914515X.01.LZZZZZZZ.jpg
83,Black and Blue,ANNA QUINDLEN,1999,http://images.amazon.com/images/P/0440226104.01.LZZZZZZZ.jpg
84,Bleachers,John Grisham,2003,http://images.amazon.com/images/P/0385511612.01.LZZZZZZZ.jpg
85,Blessings,ANNA QUINDLEN,2002,http://images.amazon.com/images/P/0375502238.01.LZZZZZZZ.jpg
86,Blood Work,Michael Connelly,1998,http://images.amazon.com/images/P/0446602620.01.LZZZZZZZ.jpg
87,Blue Diary,Alice Hoffman,2002,http://images.amazon.com/images/P/0425184943.01.LZZZZZZZ.jpg
88,Body of Evidence (Kay Scarpetta Mysteries (Paperback)),Patricia D. Cornwell,1992,http://images.amazon.com/images/P/0380717018.01.LZZZZZZZ.jpg
89,Body of Lies,IRIS JOHANSEN,2002,http://images.amazon.com/images/P/0553800973.01.LZZZZZZZ.jpg
90,Brave New World,Aldous Huxley,1989,http://images.amazon.com/images/P/0060809833.01.LZZZZZZZ.jpg
91,"Breath, Eyes, Memory",Edwidge Danticat,1998,http://images.amazon.com/images/P/1569471428.01.LZZZZZZZ.jpg
92,Breathing Lessons,Anne Tyler,1990,http://images.amazon.com/images/P/0517056992.01.LZZZZZZZ.jpg
93,Bridge to Terabithia,Katherine Paterson,1979,http://images.amazon.com/images/P/0380432811.01.LZZZZZZZ.jpg
94,Bridget Jones : The Edge of Reason,Helen Fielding,2000,http://images.amazon.com/images/P/0670892963.01.LZZZZZZZ.jpg
95,Bridget Jones's Diary,Helen Fielding,1999,http://images.amazon.com/images/P/014028009X.01.LZZZZZZZ.jpg
96,Bridget Jones: The Edge of Reason,Helen Fielding,2000,http://images.amazon.com/images/P/0375416048.01.LZZZZZZZ.jpg
97,By the Light of the Moon,DEAN KOONTZ,2003,http://images.amazon.com/images/P/0553582763.01.LZZZZZZZ.jpg
98,C Is for Corpse (Kinsey Millhone Mysteries (Paperback)),Sue Grafton,1987,http://images.amazon.com/images/P/0553280368.01.LZZZZZZZ.jpg
99,CAT'S EYE,MARGARET ATWOOD,1989,http://images.amazon.com/images/P/0553282476.01.LZZZZZZZ.jpg
100,Call of the Wild,Jack London,1987,http://images.amazon.com/images/P/0590430033.01.LZZZZZZZ.jpg
101,Carnal Innocence,Nora Roberts,2000,http://images.amazon.com/images/P/0553110942.01.LZZZZZZZ.jpg
102,Carolina Moon,Nora Roberts,0,http://images.amazon.com/images/P/0739408011.01.LZZZZZZZ.jpg
103,Carrie,Stephen King,1991,http://images.amazon.com/images/P/0452267196.01.LZZZZZZZ.jpg
104,Cat &amp; Mouse (Alex Cross Novels),James Patterson,1998,http://images.amazon.com/images/P/0446606189.01.LZZZZZZZ.jpg
105,Catering to Nobody,Diane Mott Davidson,1995,http://images.amazon.com/images/P/044922046X.01.LZZZZZZZ.jpg
106,Cause of Death,Patricia Daniels Cornwell,1996,http://images.amazon.com/images/P/0679445080.01.LZZZZZZZ.jpg
107,Certain Prey,John Sandford,2000,http://images.amazon.com/images/P/0425174271.01.LZZZZZZZ.jpg
108,Charlotte's Web (Trophy Newbery),E. B. White,1974,http://images.amazon.com/images/P/0064400557.01.LZZZZZZZ.jpg
109,Charming Billy,Alice Mcdermott,0,http://images.amazon.com/images/P/0965868850.01.LZZZZZZZ.jpg
110,Chicken Soup for the Soul (Chicken Soup for the Soul),Jack Canfield,1993,http://images.amazon.com/images/P/155874262X.01.LZZZZZZZ.jpg
111,Chicken Soup for the Woman's Soul (Chicken Soup for the Soul Series (Paper)),Jack Canfield,1996,http://images.amazon.com/images/P/1558744150.01.LZZZZZZZ.jpg
112,Chocolat,Joanne Harris,2000,http://images.amazon.com/images/P/0552998486.01.LZZZZZZZ.jpg
113,Choke,Stuart Woods,1996,http://images.amazon.com/images/P/0061094226.01.LZZZZZZZ.jpg
114,Chosen Prey,John Sandford,2001,http://images.amazon.com/images/P/0399147284.01.LZZZZZZZ.jpg
115,Christine,Stephen King,1983,http://images.amazon.com/images/P/0451150694.01.LZZZZZZZ.jpg
116,Chromosome 6,Robin Cook,1997,http://images.amazon.com/images/P/039914207X.01.LZZZZZZZ.jpg
117,Circle of Friends,Maeve Binchy,1991,http://images.amazon.com/images/P/0440211263.01.LZZZZZZZ.jpg
118,Clear and Present Danger (Jack Ryan Novels),Tom Clancy,1999,http://images.amazon.com/images/P/0785758941.01.LZZZZZZZ.jpg
119,Cold Mountain,CHARLES FRAZIER,2003,http://images.amazon.com/images/P/0739308920.01.LZZZZZZZ.jpg
120,Cold Mountain : A Novel,CHARLES FRAZIER,1998,http://images.amazon.com/images/P/0375700757.01.LZZZZZZZ.jpg
121,Cold Sassy Tree,Olive Ann Burns,1992,http://images.amazon.com/images/P/0385308426.01.LZZZZZZZ.jpg
122,Colony,Ben Bova,1999,http://images.amazon.com/images/P/0380793156.01.LZZZZZZZ.jpg
123,Coming Home,Rosamunde Pilcher,1996,http://images.amazon.com/images/P/0312958129.01.LZZZZZZZ.jpg
124,Confessions of a Shopaholic (Summer Display Opportunity),SOPHIE KINSELLA,2001,http://images.amazon.com/images/P/0385335482.01.LZZZZZZZ.jpg
125,Confessions of an Ugly Stepsister : A Novel,Gregory Maguire,2000,http://images.amazon.com/images/P/0060987529.01.LZZZZZZZ.jpg
126,Congo,Michael Crichton,1995,http://images.amazon.com/images/P/0345378490.01.LZZZZZZZ.jpg
127,Contact,Carl Sagan,1997,http://images.amazon.com/images/P/1568654243.01.LZZZZZZZ.jpg
128,Contagion,Robin Cook,1998,http://images.amazon.com/images/P/0425155943.01.LZZZZZZZ.jpg
129,Coraline,Neil Gaiman,2002,http://images.amazon.com/images/P/0060504544.01.LZZZZZZZ.jpg
130,Couplehood,PAUL REISER,1995,http://images.amazon.com/images/P/0553573136.01.LZZZZZZZ.jpg
131,Cradle and All,James Patterson,2001,http://images.amazon.com/images/P/0446609404.01.LZZZZZZZ.jpg
132,Crazy for You,Jennifer Crusie,1999,http://images.amazon.com/images/P/0312198493.01.LZZZZZZZ.jpg
133,Cruel &amp; Unusual (Kay Scarpetta Mysteries (Paperback)),Patricia D. Cornwell,1994,http://images.amazon.com/images/P/0380718340.01.LZZZZZZZ.jpg
134,Cry Wolf,Wilbur A. Smith,1983,http://images.amazon.com/images/P/0440114950.01.LZZZZZZZ.jpg
135,Cujo,Stephen King,2004,http://images.amazon.com/images/P/0451161351.01.LZZZZZZZ.jpg
136,D Is for Deadbeat (Kinsey Millhone Mysteries (Paperback)),Sue Grafton,1988,http://images.amazon.com/images/P/0553271636.01.LZZZZZZZ.jpg
137,Daddy,DANIELLE STEEL,1990,http://images.amazon.com/images/P/0440207622.01.LZZZZZZZ.jpg
138,Daddy's Little Girl,Mary Higgins Clark,2002,http://images.amazon.com/images/P/0743206045.01.LZZZZZZZ.jpg
139,Daisy Fay and the Miracle Man,Fannie Flagg,1992,http://images.amazon.com/images/P/0446394521.01.LZZZZZZZ.jpg
140,Dance upon the Air (Three Sisters Island Trilogy),Nora Roberts,2003,http://images.amazon.com/images/P/0515131229.01.LZZZZZZZ.jpg
141,Dances With Wolves,Michael Blake,1991,http://images.amazon.com/images/P/1557040915.01.LZZZZZZZ.jpg
142,Dangerous,Anita Mills,1996,http://images.amazon.com/images/P/0451407083.01.LZZZZZZZ.jpg
143,Dark Angel,Donna Ball,1998,http://images.amazon.com/images/P/0451192834.01.LZZZZZZZ.jpg
144,Dark Paradise,Author Unknown,1984,http://images.amazon.com/images/P/0373107048.01.LZZZZZZZ.jpg
145,Dark Rivers of the Heart,DEAN KOONTZ,2000,http://images.amazon.com/images/P/0553582895.01.LZZZZZZZ.jpg
146,Dawn (Cutler),V.C. Andrews,1990,http://images.amazon.com/images/P/0671670689.01.LZZZZZZZ.jpg
147,Dead Run,Leo Atkins,2000,http://images.amazon.com/images/P/0425177777.01.LZZZZZZZ.jpg
148,Death du Jour,Kathy Reichs,1999,http://images.amazon.com/images/P/0684841185.01.LZZZZZZZ.jpg
149,Debt of Honor (Jack Ryan Novels),Tom Clancy,1997,http://images.amazon.com/images/P/0425147584.01.LZZZZZZZ.jpg
150,Deception Point,Dan Brown,2002,http://images.amazon.com/images/P/0671027387.01.LZZZZZZZ.jpg
151,Deck the Halls (Holiday Classics),Mary Higgins Clark,2002,http://images.amazon.com/images/P/0743418131.01.LZZZZZZZ.jpg
152,Degree of Guilt,Richard North Patterson,1995,http://images.amazon.com/images/P/034538184X.01.LZZZZZZZ.jpg
153,Deja Dead,Kathy Reichs,1997,http://images.amazon.com/images/P/0684841177.01.LZZZZZZZ.jpg
154,Desperation,Stephen King,1999,http://images.amazon.com/images/P/0613025024.01.LZZZZZZZ.jpg
155,Devices and Desires,Phyllis White,1991,http://images.amazon.com/images/P/0446359750.01.LZZZZZZZ.jpg
156,Different Seasons,Stephen King,1999,http://images.amazon.com/images/P/0808517635.01.LZZZZZZZ.jpg
157,Digital Fortress : A Thriller,Dan Brown,2000,http://images.amazon.com/images/P/0312263120.01.LZZZZZZZ.jpg
158,Disclosure,Michael Crichton,1994,http://images.amazon.com/images/P/0345391055.01.LZZZZZZZ.jpg
159,Divine Secrets of the Ya-Ya Sisterhood: A Novel,Rebecca Wells,1998,http://images.amazon.com/images/P/069452008X.01.LZZZZZZZ.jpg
160,Dolores Claiborne,Stephen King,2004,http://images.amazon.com/images/P/0451177096.01.LZZZZZZZ.jpg
161,Don't Stand Too Close to a Naked Man,Tim Allen,1995,http://images.amazon.com/images/P/0786889020.01.LZZZZZZZ.jpg
162,Don't Sweat the Small Stuff and It's All Small Stuff : Simple Ways to Keep the Little Things from Taking Over Your Life (Don't Sweat the Small Stuff Series),Richard Carlson,1997,http://images.amazon.com/images/P/0786881852.01.LZZZZZZZ.jpg
163,Dr. Atkins' New Diet Revolution,Robert C. Atkins,1997,http://images.amazon.com/images/P/0380727293.01.LZZZZZZZ.jpg
164,Dragon Tears,Dean R. Koontz,1995,http://images.amazon.com/images/P/0425140032.01.LZZZZZZZ.jpg
165,Dragonfly in Amber,DIANA GABALDON,1992,http://images.amazon.com/images/P/0385302312.01.LZZZZZZZ.jpg
166,Dream Country,Luanne Rice,2001,http://images.amazon.com/images/P/0553801198.01.LZZZZZZZ.jpg
167,Dreamcatcher,Stephen King,2001,http://images.amazon.com/images/P/074343627X.01.LZZZZZZZ.jpg
168,Drowning Ruth,Christina Schwarz,2000,http://images.amazon.com/images/P/0385502532.01.LZZZZZZZ.jpg
169,Drowning Ruth (Oprah's Book Club),CHRISTINA SCHWARZ,2001,http://images.amazon.com/images/P/0345439104.01.LZZZZZZZ.jpg
170,Drums of Autumn,Diana Gabaldon,1997,http://images.amazon.com/images/P/0770427758.01.LZZZZZZZ.jpg
171,"Dude, Where's My Country?",Michael Moore,2003,http://images.amazon.com/images/P/0446532231.01.LZZZZZZZ.jpg
172,Dust to Dust,Tami Hoag,2000,http://images.amazon.com/images/P/0671582569.01.LZZZZZZZ.jpg
173,Dying for Chocolate (Culinary Mysteries (Paperback)),DIANE MOTT DAVIDSON,1993,http://images.amazon.com/images/P/0553560247.01.LZZZZZZZ.jpg
174,E Is for Evidence: A Kinsey Millhone Mystery (Kinsey Millhone Mysteries (Paperback)),Sue Grafton,1989,http://images.amazon.com/images/P/0553279556.01.LZZZZZZZ.jpg
175,Easy Prey,John Sandford,2000,http://images.amazon.com/images/P/039914613X.01.LZZZZZZZ.jpg
176,Echoes,Maeve Binchy,1986,http://images.amazon.com/images/P/0670809381.01.LZZZZZZZ.jpg
177,Ellen Foster,Kaye Gibbons,1997,http://images.amazon.com/images/P/0375703055.01.LZZZZZZZ.jpg
178,Empire Falls,RICHARD RUSSO,2001,http://images.amazon.com/images/P/0679432477.01.LZZZZZZZ.jpg
179,Ender's Game (Ender Wiggins Saga (Paperback)),Orson Scott Card,1986,http://images.amazon.com/images/P/0812533550.01.LZZZZZZZ.jpg
180,Engaging The Enemy,Nora Roberts,2003,http://images.amazon.com/images/P/0373218192.01.LZZZZZZZ.jpg
181,Envy,Sandra Brown,2001,http://images.amazon.com/images/P/0446527130.01.LZZZZZZZ.jpg
182,Evening Class,Maeve Binchy,1997,http://images.amazon.com/images/P/055347765X.01.LZZZZZZZ.jpg
183,Everything's Eventual : 14 Dark Tales,Stephen King,2002,http://images.amazon.com/images/P/0743235185.01.LZZZZZZZ.jpg
184,Exclusive,Sandra Brown,1996,http://images.amazon.com/images/P/0446519782.01.LZZZZZZZ.jpg
185,Executive Orders (Jack Ryan Novels),Tom Clancy,1997,http://images.amazon.com/images/P/0425158632.01.LZZZZZZZ.jpg
186,Eyes of Prey,John Sandford,2004,http://images.amazon.com/images/P/0425132048.01.LZZZZZZZ.jpg
187,Eyes of a Child,Richard North Patterson,1996,http://images.amazon.com/images/P/0345386132.01.LZZZZZZZ.jpg
188,F Is for Fugitive (Kinsey Millhone Mysteries (Paperback)),Sue Grafton,1990,http://images.amazon.com/images/P/0553284789.01.LZZZZZZZ.jpg
189,FORREST GUMP (Movie Tie in),Winston Groom,1994,http://images.amazon.com/images/P/0671894455.01.LZZZZZZZ.jpg
190,Face the Fire (Three Sisters Island Trilogy),Nora Roberts,2002,http://images.amazon.com/images/P/051513287X.01.LZZZZZZZ.jpg
191,Fahrenheit 451,Ray Bradbury,1979,http://images.amazon.com/images/P/0345292340.01.LZZZZZZZ.jpg
192,Faking It,Jennifer Crusie,2003,http://images.amazon.com/images/P/0312983824.01.LZZZZZZZ.jpg
193,Fall On Your Knees (Oprah #45),Ann-Marie MacDonald,2002,http://images.amazon.com/images/P/0743237188.01.LZZZZZZZ.jpg
194,Falling Angels,Barbara Gowdy,1990,http://images.amazon.com/images/P/0939149354.01.LZZZZZZZ.jpg
195,False Memory,Dean Koontz,2001,http://images.amazon.com/images/P/0613335864.01.LZZZZZZZ.jpg
196,Family Album,Danielle Steel,1985,http://images.amazon.com/images/P/0385293925.01.LZZZZZZZ.jpg
197,Fast Food Nation: The Dark Side of the All-American Meal,Eric Schlosser,2002,http://images.amazon.com/images/P/0060938455.01.LZZZZZZZ.jpg
198,Fast Women,Jennifer Crusie,2001,http://images.amazon.com/images/P/0312252617.01.LZZZZZZZ.jpg
199,Fat Tuesday,Sandra Brown,1997,http://images.amazon.com/images/P/0553478257.01.LZZZZZZZ.jpg
200,Fatal Cure,Robin Cook,1997,http://images.amazon.com/images/P/0425145638.01.LZZZZZZZ.jpg
201,Fatherhood,Bill Cosby,1994,http://images.amazon.com/images/P/0425097722.01.LZZZZZZZ.jpg
202,Fear Nothing,DEAN KOONTZ,1998,http://images.amazon.com/images/P/0553579754.01.LZZZZZZZ.jpg
203,Final Target,Iris Johansen,2002,http://images.amazon.com/images/P/0553582135.01.LZZZZZZZ.jpg
204,Fine Things,Danielle Steel,1988,http://images.amazon.com/images/P/0440200563.01.LZZZZZZZ.jpg
205,Fingersmith,Sarah Waters,2002,http://images.amazon.com/images/P/1573229725.01.LZZZZZZZ.jpg
206,Five Days in Paris,DANIELLE STEEL,1997,http://images.amazon.com/images/P/0440222842.01.LZZZZZZZ.jpg
207,Five Quarters of the Orange,Joanne Harris,2002,http://images.amazon.com/images/P/0060958022.01.LZZZZZZZ.jpg
208,Flesh and Blood,Jonathan Kellerman,2001,http://images.amazon.com/images/P/0679459626.01.LZZZZZZZ.jpg
209,"Forever... : A Novel of Good and Evil, Love and Hope",Jude Deveraux,2002,http://images.amazon.com/images/P/067101420X.01.LZZZZZZZ.jpg
210,Fortune's Rocks : A Novel,Anita Shreve,2002,http://images.amazon.com/images/P/0316734837.01.LZZZZZZZ.jpg
211,Fortune's Rocks: A Novel,Anita Shreve,1999,http://images.amazon.com/images/P/0375430520.01.LZZZZZZZ.jpg
212,Foucault's Pendulum,Umberto Eco,1989,http://images.amazon.com/images/P/0436140969.01.LZZZZZZZ.jpg
213,Four Blind Mice,James Patterson,2003,http://images.amazon.com/images/P/0446613266.01.LZZZZZZZ.jpg
214,Four Past Midnight,Stephen King,2001,http://images.amazon.com/images/P/0451170385.01.LZZZZZZZ.jpg
215,Four To Score (A Stephanie Plum Novel),Janet Evanovich,1999,http://images.amazon.com/images/P/0312966970.01.LZZZZZZZ.jpg
216,Fried Green Tomatoes at the Whistle Stop Cafe,Fannie Flagg,2000,http://images.amazon.com/images/P/0804115613.01.LZZZZZZZ.jpg
217,From Potter's Field,Patricia Daniels Cornwell,1996,http://images.amazon.com/images/P/0425154092.01.LZZZZZZZ.jpg
218,From the Corner of His Eye,Dean R. Koontz,2000,http://images.amazon.com/images/P/0553801341.01.LZZZZZZZ.jpg
219,Full House (Janet Evanovich's Full Series),Janet Evanovich,2002,http://images.amazon.com/images/P/0312983271.01.LZZZZZZZ.jpg
220,Full Tilt (Janet Evanovich's Full Series),Janet Evanovich,2003,http://images.amazon.com/images/P/031298328X.01.LZZZZZZZ.jpg
221,G Is for Gumshoe (Kinsey Millhone Mysteries (Paperback)),Sue Grafton,1991,http://images.amazon.com/images/P/0449219364.01.LZZZZZZZ.jpg
222,GARDEN OF SHADOWS (Dollanger Saga (Paperback)),Ariel Jennifer Jones,1987,http://images.amazon.com/images/P/067164257X.01.LZZZZZZZ.jpg
223,Gerald's Game,Stephen King,2001,http://images.amazon.com/images/P/0451176464.01.LZZZZZZZ.jpg
224,Girl in Hyacinth Blue,Susan Vreeland,2000,http://images.amazon.com/images/P/014029628X.01.LZZZZZZZ.jpg
225,Girl with a Pearl Earring,Tracy Chevalier,2001,http://images.amazon.com/images/P/0452282152.01.LZZZZZZZ.jpg
226,"Girl, Interrupted",SUSANNA KAYSEN,1994,http://images.amazon.com/images/P/0679746048.01.LZZZZZZZ.jpg
227,Good Omens,Neil Gaiman,1996,http://images.amazon.com/images/P/0441003257.01.LZZZZZZZ.jpg
228,Good in Bed,Jennifer Weiner,2002,http://images.amazon.com/images/P/0743418174.01.LZZZZZZZ.jpg
229,Gorky Park,Martin Cruz Smith,1981,http://images.amazon.com/images/P/0394517482.01.LZZZZZZZ.jpg
230,Granny Dan,DANIELLE STEEL,1999,http://images.amazon.com/images/P/0385317093.01.LZZZZZZZ.jpg
231,Guardian Angel,Sara Paretsky,1996,http://images.amazon.com/images/P/0440213991.01.LZZZZZZZ.jpg
232,Guilty Pleasures (Anita Blake Vampire Hunter (Paperback)),Laurell K. Hamilton,1995,http://images.amazon.com/images/P/051513449X.01.LZZZZZZZ.jpg
233,Guilty as Sin,TAMI HOAG,1997,http://images.amazon.com/images/P/0553564528.01.LZZZZZZZ.jpg
234,H Is for Homicide (Kinsey Millhone Mysteries (Paperback)),Sue Grafton,1993,http://images.amazon.com/images/P/0449219461.01.LZZZZZZZ.jpg
235,Hannibal,Thomas Harris,1999,http://images.amazon.com/images/P/038529929X.01.LZZZZZZZ.jpg
236,Hard Eight : A Stephanie Plum Novel (A Stephanie Plum Novel),Janet Evanovich,2002,http://images.amazon.com/images/P/1559277254.01.LZZZZZZZ.jpg
237,Harry Potter and the Chamber of Secrets (Book 2),J. K. Rowling,2002,http://images.amazon.com/images/P/0439420105.01.LZZZZZZZ.jpg
238,Harry Potter and the Goblet of Fire (Book 4),J. K. Rowling,2002,http://images.amazon.com/images/P/0439139600.01.LZZZZZZZ.jpg
239,Harry Potter and the Order of the Phoenix (Book 5),J. K. Rowling,2003,http://images.amazon.com/images/P/043935806X.01.LZZZZZZZ.jpg
240,Harry Potter and the Prisoner of Azkaban (Book 3),J. K. Rowling,2001,http://images.amazon.com/images/P/0439136369.01.LZZZZZZZ.jpg
241,Harry Potter and the Sorcerer's Stone (Book 1),J. K. Rowling,2001,http://images.amazon.com/images/P/043936213X.01.LZZZZZZZ.jpg
242,Harry Potter and the Sorcerer's Stone (Harry Potter (Paperback)),J. K. Rowling,1999,http://images.amazon.com/images/P/059035342X.01.LZZZZZZZ.jpg
243,Harvest,Tess Gerritsen,1997,http://images.amazon.com/images/P/067155302X.01.LZZZZZZZ.jpg
244,Heart of the Sea (Irish Trilogy),Nora Roberts,2000,http://images.amazon.com/images/P/0515128554.01.LZZZZZZZ.jpg
245,Heartbeat,Danielle Steel,1991,http://images.amazon.com/images/P/0385299087.01.LZZZZZZZ.jpg
246,Heartbreaker,Robert Ferrigno,2000,http://images.amazon.com/images/P/0446608912.01.LZZZZZZZ.jpg
247,Hearts In Atlantis,Stephen King,2000,http://images.amazon.com/images/P/0671024248.01.LZZZZZZZ.jpg
248,Hearts in Atlantis,Stephen King,2001,http://images.amazon.com/images/P/0743436210.01.LZZZZZZZ.jpg
249,Heaven and Earth (Three Sisters Island Trilogy),Nora Roberts,2003,http://images.amazon.com/images/P/0515132020.01.LZZZZZZZ.jpg
250,Hemlock Bay,Catherine Coulter,2001,http://images.amazon.com/images/P/0399147381.01.LZZZZZZZ.jpg
251,Here on Earth,Alice Hoffman,1998,http://images.amazon.com/images/P/0425167313.01.LZZZZZZZ.jpg
252,Hide &amp; Seek,James Patterson,1996,http://images.amazon.com/images/P/0446603716.01.LZZZZZZZ.jpg
253,Hideaway,Dean R. Koontz,1992,http://images.amazon.com/images/P/042513525X.01.LZZZZZZZ.jpg
254,High Fidelity,Nick Hornby,1996,http://images.amazon.com/images/P/1573225517.01.LZZZZZZZ.jpg
255,High Five (A Stephanie Plum Novel),Janet Evanovich,1999,http://images.amazon.com/images/P/0312203039.01.LZZZZZZZ.jpg
256,Holes (Yearling Newbery),LOUIS SACHAR,2000,http://images.amazon.com/images/P/0440414806.01.LZZZZZZZ.jpg
257,Homecoming,Cynthia Voigt,1990,http://images.amazon.com/images/P/0449702545.01.LZZZZZZZ.jpg
258,Homeport,Nora Roberts,1999,http://images.amazon.com/images/P/0515124893.01.LZZZZZZZ.jpg
259,Hornet's Nest,Patricia Daniels Cornwell,1997,http://images.amazon.com/images/P/0399142282.01.LZZZZZZZ.jpg
260,Hot Six : A Stephanie Plum Novel (A Stephanie Plum Novel),Janet Evanovich,2001,http://images.amazon.com/images/P/0312976275.01.LZZZZZZZ.jpg
261,House of Sand and Fog,Andre Dubus III,2000,http://images.amazon.com/images/P/0375727345.01.LZZZZZZZ.jpg
262,How Stella Got Her Groove Back,Terry McMillan,1998,http://images.amazon.com/images/P/0451197410.01.LZZZZZZZ.jpg
263,How to Be Good,Nick Hornby,2001,http://images.amazon.com/images/P/1573221937.01.LZZZZZZZ.jpg
264,How to Make an American Quilt,Whitney Otto,1991,http://images.amazon.com/images/P/0679400702.01.LZZZZZZZ.jpg
265,I Capture the Castle,Dodie Smith,2003,http://images.amazon.com/images/P/031231616X.01.LZZZZZZZ.jpg
266,I Is for Innocent,Sue Grafton,1994,http://images.amazon.com/images/P/0449221512.01.LZZZZZZZ.jpg
267,I Know This Much Is True,Wally Lamb,0,http://images.amazon.com/images/P/0965605914.01.LZZZZZZZ.jpg
268,I Know This Much Is True (Oprah's Book Club),Wally Lamb,1998,http://images.amazon.com/images/P/0060391626.01.LZZZZZZZ.jpg
269,I Know Why the Caged Bird Sings,MAYA ANGELOU,1997,http://images.amazon.com/images/P/055338001X.01.LZZZZZZZ.jpg
270,I'll Be Seeing You,LURLENE MCDANIEL,1996,http://images.amazon.com/images/P/0553567187.01.LZZZZZZZ.jpg
271,Icebound,Dean R. Koontz,2000,http://images.amazon.com/images/P/0606287973.01.LZZZZZZZ.jpg
272,Icy Sparks,Gwyn Hyman Rubio,2001,http://images.amazon.com/images/P/0142000205.01.LZZZZZZZ.jpg
273,If Only It Were True,Marc Levy,2000,http://images.amazon.com/images/P/0743406176.01.LZZZZZZZ.jpg
274,If Tomorrow Comes,Sidney Sheldon,1986,http://images.amazon.com/images/P/0446329894.01.LZZZZZZZ.jpg
275,Impulse,Barbara Harrison,1987,http://images.amazon.com/images/P/0821719629.01.LZZZZZZZ.jpg
276,In Her Shoes : A Novel,Jennifer Weiner,2002,http://images.amazon.com/images/P/0743418190.01.LZZZZZZZ.jpg
277,Inner Harbor (Quinn Brothers (Paperback)),Nora Roberts,2001,http://images.amazon.com/images/P/0515124214.01.LZZZZZZZ.jpg
278,Insomnia,Stephen King,1995,http://images.amazon.com/images/P/0451186125.01.LZZZZZZZ.jpg
279,Intensity,Dean Koontz,2001,http://images.amazon.com/images/P/0613394763.01.LZZZZZZZ.jpg
280,Interview with the Vampire,Anne Rice,1993,http://images.amazon.com/images/P/0345337662.01.LZZZZZZZ.jpg
281,Into Thin Air : A Personal Account of the Mt. Everest Disaster,JON KRAKAUER,1999,http://images.amazon.com/images/P/0385494785.01.LZZZZZZZ.jpg
282,Into the Wild,Jon Krakauer,1997,http://images.amazon.com/images/P/0385486804.01.LZZZZZZZ.jpg
283,Invasion,Eric L. Harry,2000,http://images.amazon.com/images/P/0515128422.01.LZZZZZZZ.jpg
284,Irish Hearts,Nora Roberts,2000,http://images.amazon.com/images/P/0373484003.01.LZZZZZZZ.jpg
285,Isle of Dogs,Patricia Cornwell,2001,http://images.amazon.com/images/P/0739420704.01.LZZZZZZZ.jpg
286,It,Stephen King,1997,http://images.amazon.com/images/P/0451169514.01.LZZZZZZZ.jpg
287,It Was on Fire When I Lay Down on It,Robert Fulghum,1993,http://images.amazon.com/images/P/0804105820.01.LZZZZZZZ.jpg
288,It's Always Something,Gilda Radner,1990,http://images.amazon.com/images/P/0380710722.01.LZZZZZZZ.jpg
289,J Is for Judgment,Sue Grafton,1999,http://images.amazon.com/images/P/0449221482.01.LZZZZZZZ.jpg
290,Jack &amp; Jill (Alex Cross Novels),James Patterson,1997,http://images.amazon.com/images/P/0446604801.01.LZZZZZZZ.jpg
291,Jacob Have I Loved,Katherine Paterson,1990,http://images.amazon.com/images/P/0064403688.01.LZZZZZZZ.jpg
292,Jemima J: A Novel About Ugly Ducklings and Swans,Jane Green,2001,http://images.amazon.com/images/P/0767905180.01.LZZZZZZZ.jpg
293,Jewel,Bret Lott,1999,http://images.amazon.com/images/P/0671038184.01.LZZZZZZZ.jpg
294,Jewel (Oprah's Book Club),Bret Lott,1999,http://images.amazon.com/images/P/0671042572.01.LZZZZZZZ.jpg
295,Jewels of the Sun (Irish Trilogy),Nora Roberts,2004,http://images.amazon.com/images/P/0515126772.01.LZZZZZZZ.jpg
296,Journey,James A. Michener,1994,http://images.amazon.com/images/P/0449218473.01.LZZZZZZZ.jpg
297,Jurassic Park,Golden Books,1993,http://images.amazon.com/images/P/030703979X.01.LZZZZZZZ.jpg
298,K Is for Killer (Kinsey Millhone Mysteries (Paperback)),Sue Grafton,1999,http://images.amazon.com/images/P/0449221504.01.LZZZZZZZ.jpg
299,Kaleidoscope,Danielle Steel,1988,http://images.amazon.com/images/P/0440201926.01.LZZZZZZZ.jpg
300,Key of Knowledge (Key Trilogy (Paperback)),Nora Roberts,2003,http://images.amazon.com/images/P/0515136379.01.LZZZZZZZ.jpg
301,Key of Light (Key Trilogy (Paperback)),Nora Roberts,2003,http://images.amazon.com/images/P/051513628X.01.LZZZZZZZ.jpg
302,"Key of Valor (Roberts, Nora. Key Trilogy, 3.)",Nora Roberts,2003,http://images.amazon.com/images/P/0515136530.01.LZZZZZZZ.jpg
303,Killjoy,JULIE GARWOOD,2002,http://images.amazon.com/images/P/0345453808.01.LZZZZZZZ.jpg
304,Kiss the Girls,James Patterson,2000,http://images.amazon.com/images/P/0446677388.01.LZZZZZZZ.jpg
305,L Is for Lawless,Sue Grafton,1996,http://images.amazon.com/images/P/0449221490.01.LZZZZZZZ.jpg
306,Ladder of Years,Anne Tyler,1996,http://images.amazon.com/images/P/0449910571.01.LZZZZZZZ.jpg
307,Lake Wobegon Days,Garrison Keillor,1990,http://images.amazon.com/images/P/0140099832.01.LZZZZZZZ.jpg
308,Lake Wobegon days,Garrison Keillor,1986,http://images.amazon.com/images/P/0140092323.01.LZZZZZZZ.jpg
309,"Lamb : The Gospel According to Biff, Christ's Childhood Pal",Christopher Moore,2003,http://images.amazon.com/images/P/0380813815.01.LZZZZZZZ.jpg
310,Last Chance Saloon,Marian Keyes,1999,http://images.amazon.com/images/P/071814385X.01.LZZZZZZZ.jpg
311,Last Man Standing,Wendy Rosnau,2003,http://images.amazon.com/images/P/0373272979.01.LZZZZZZZ.jpg
312,Left Behind: A Novel of the Earth's Last Days (Left Behind No. 1),Tim Lahaye,1996,http://images.amazon.com/images/P/0842329129.01.LZZZZZZZ.jpg
313,Let Me Call You Sweetheart,Mary Higgins Clark,1996,http://images.amazon.com/images/P/0671568175.01.LZZZZZZZ.jpg
314,Life of Pi,Yann Martel,2002,http://images.amazon.com/images/P/0151008116.01.LZZZZZZZ.jpg
315,Lightning,DANIELLE STEEL,1996,http://images.amazon.com/images/P/0440221501.01.LZZZZZZZ.jpg
316,"Like Water for Chocolate : A Novel in Monthly Installments with Recipes, Romances, and Home Remedies",LAURA ESQUIVEL,1995,http://images.amazon.com/images/P/038542017X.01.LZZZZZZZ.jpg
317,"Like Water for Chocolate: A Novel in Monthly Installments With Recipes, Romances and Home Remedies",Laura Esquivel,1994,http://images.amazon.com/images/P/0385474016.01.LZZZZZZZ.jpg
318,"Like Water for Chocolate: A Novel in Monthly Installments, With Recipes, Romances, and Home Remedies",Laura Esquivel,1992,http://images.amazon.com/images/P/0385420161.01.LZZZZZZZ.jpg
319,Little Altars Everywhere: A Novel,Rebecca Wells,1996,http://images.amazon.com/images/P/0060976845.01.LZZZZZZZ.jpg
320,Long After Midnight,Ray Bradbury,2004,http://images.amazon.com/images/P/0671037692.01.LZZZZZZZ.jpg
321,Lord of the Flies,William Golding,2003,http://images.amazon.com/images/P/0399529209.01.LZZZZZZZ.jpg
322,Love in the Time of Cholera (Penguin Great Books of the 20th Century),Gabriel Garcia Marquez,1999,http://images.amazon.com/images/P/0140281649.01.LZZZZZZZ.jpg
323,"Loves Music, Loves to Dance",Mary Higgins Clark,1999,http://images.amazon.com/images/P/0785727345.01.LZZZZZZZ.jpg
324,Lucky : A Memoir,Alice Sebold,2002,http://images.amazon.com/images/P/0316096199.01.LZZZZZZZ.jpg
325,Lucky Man: A Memoir,Michael J. Fox,2002,http://images.amazon.com/images/P/0786867647.01.LZZZZZZZ.jpg
326,M Is for Malice,Sue Grafton,1998,http://images.amazon.com/images/P/0449223604.01.LZZZZZZZ.jpg
327,Macgregor Brides (Macgregors),Nora Roberts,1997,http://images.amazon.com/images/P/0373483503.01.LZZZZZZZ.jpg
328,Macgregor Grooms (Macgregors),Nora Roberts,1998,http://images.amazon.com/images/P/0373483694.01.LZZZZZZZ.jpg
329,Master of the Game,Sidney Sheldon,1988,http://images.amazon.com/images/P/0446355453.01.LZZZZZZZ.jpg
330,Matilda,Roald Dahl,1990,http://images.amazon.com/images/P/014034294X.01.LZZZZZZZ.jpg
331,Me Talk Pretty One Day,David Sedaris,2001,http://images.amazon.com/images/P/1586210661.01.LZZZZZZZ.jpg
332,"Men Are from Mars, Women Are from Venus: A Practical Guide for Improving Communication and Getting What You Want in Your Relationships",John Gray,1992,http://images.amazon.com/images/P/006016848X.01.LZZZZZZZ.jpg
333,Mercy,Jodi Picoult,2001,http://images.amazon.com/images/P/0743422449.01.LZZZZZZZ.jpg
334,Message from Nam,Danielle Steel,1991,http://images.amazon.com/images/P/0440209412.01.LZZZZZZZ.jpg
335,Message in a Bottle,Nicholas Sparks,1998,http://images.amazon.com/images/P/1570426058.01.LZZZZZZZ.jpg
336,Middlesex: A Novel,Jeffrey Eugenides,2003,http://images.amazon.com/images/P/0312422156.01.LZZZZZZZ.jpg
337,Midnight,Charles Grant,1985,http://images.amazon.com/images/P/0812518500.01.LZZZZZZZ.jpg
338,Midnight Bayou,Nora Roberts,2004,http://images.amazon.com/images/P/0515133973.01.LZZZZZZZ.jpg
339,Midnight in the Garden of Good and Evil,J. Berendt,1997,http://images.amazon.com/images/P/009927454X.01.LZZZZZZZ.jpg
340,Midnight in the Garden of Good and Evil: A Savannah Story,John Berendt,1996,http://images.amazon.com/images/P/0679449574.01.LZZZZZZZ.jpg
341,Midwives: A Novel,Chris Bohjalian,1998,http://images.amazon.com/images/P/0375706771.01.LZZZZZZZ.jpg
342,Mind Prey,John Sanford,1995,http://images.amazon.com/images/P/0671522906.01.LZZZZZZZ.jpg
343,Mirror Image,Danielle Steel,1999,http://images.amazon.com/images/P/0440224772.01.LZZZZZZZ.jpg
344,Misery,Stephen King,1990,http://images.amazon.com/images/P/0670813648.01.LZZZZZZZ.jpg
345,Miss Julia Speaks Her Mind : A Novel,Ann B. Ross,2000,http://images.amazon.com/images/P/0688177751.01.LZZZZZZZ.jpg
346,Monster : A Novel (Alex Delaware Novels (Paperback)),JONATHAN KELLERMAN,2000,http://images.amazon.com/images/P/0345413873.01.LZZZZZZZ.jpg
347,Montana Sky,Nora Roberts,2000,http://images.amazon.com/images/P/0515120618.01.LZZZZZZZ.jpg
348,Moo,Jane Smiley,1995,http://images.amazon.com/images/P/0679432019.01.LZZZZZZZ.jpg
349,Moonlight Becomes You,Mary Higgins Clark,1997,http://images.amazon.com/images/P/0671867113.01.LZZZZZZZ.jpg
350,Morality for Beautiful Girls (No.1 Ladies Detective Agency),Alexander McCall Smith,2002,http://images.amazon.com/images/P/1400031362.01.LZZZZZZZ.jpg
351,Mortal Fear,Robin Cook,1989,http://images.amazon.com/images/P/0425113884.01.LZZZZZZZ.jpg
352,Mortal Prey,John Sandford,2003,http://images.amazon.com/images/P/0425189864.01.LZZZZZZZ.jpg
353,Mother of Pearl,Melinda Haynes,2000,http://images.amazon.com/images/P/0606191283.01.LZZZZZZZ.jpg
354,Mr. Murder,Dean R. Koontz,1996,http://images.amazon.com/images/P/0425144429.01.LZZZZZZZ.jpg
355,My Gal Sunday,Mary Higgins Clark,2003,http://images.amazon.com/images/P/0671014919.01.LZZZZZZZ.jpg
356,Mystic River,Dennis Lehane,2002,http://images.amazon.com/images/P/0380731851.01.LZZZZZZZ.jpg
357,N Is for Noose,Sue Grafton,1999,http://images.amazon.com/images/P/0449223612.01.LZZZZZZZ.jpg
358,Naked,David Sedaris,2001,http://images.amazon.com/images/P/1586212230.01.LZZZZZZZ.jpg
359,Needful Things,Stephen King,1993,http://images.amazon.com/images/P/0831778415.01.LZZZZZZZ.jpg
360,Nerd in Shining Armor,Vicki Lewis Thompson,2003,http://images.amazon.com/images/P/0440241162.01.LZZZZZZZ.jpg
361,Neuromancer (Remembering Tomorrow),William Gibson,1995,http://images.amazon.com/images/P/0441569595.01.LZZZZZZZ.jpg
362,Neverwhere,Neil Gaiman,1998,http://images.amazon.com/images/P/2277260029.01.LZZZZZZZ.jpg
363,Nickel and Dimed: On (Not) Getting By in America,Barbara Ehrenreich,2002,http://images.amazon.com/images/P/0805063897.01.LZZZZZZZ.jpg
364,Nicolae: The Rise of Antichrist (Left Behind No. 3),Tim F. Lahaye,1998,http://images.amazon.com/images/P/0842329242.01.LZZZZZZZ.jpg
365,Night,Edna Obrien,0,http://images.amazon.com/images/P/0140037896.01.LZZZZZZZ.jpg
366,Night Prey,Carol Davis Luce,1992,http://images.amazon.com/images/P/0821736612.01.LZZZZZZZ.jpg
367,Night Sins,Tami Hoag,1995,http://images.amazon.com/images/P/0553099612.01.LZZZZZZZ.jpg
368,Night Whispers,Charles Veley,1980,http://images.amazon.com/images/P/0345291506.01.LZZZZZZZ.jpg
369,Nightmares &amp; Dreamscapes,Stephen King,2004,http://images.amazon.com/images/P/0451180232.01.LZZZZZZZ.jpg
370,Nights in Rodanthe,Nicholas Sparks,2003,http://images.amazon.com/images/P/0446691798.01.LZZZZZZZ.jpg
371,No Greater Love,Danielle Steel,1991,http://images.amazon.com/images/P/0385299095.01.LZZZZZZZ.jpg
372,No Safe Place,RICHARD NORTH PATTERSON,1999,http://images.amazon.com/images/P/0345404777.01.LZZZZZZZ.jpg
373,Notes from a Small Island,Bill Bryson,1996,http://images.amazon.com/images/P/0688147259.01.LZZZZZZZ.jpg
374,Nothing Lasts Forever,Sidney Sheldon,1995,http://images.amazon.com/images/P/0446354732.01.LZZZZZZZ.jpg
375,Now You See Her,Linda Howard,1998,http://images.amazon.com/images/P/0671568825.01.LZZZZZZZ.jpg
376,On the Street Where You Live,Mary Higgins Clark,0,http://images.amazon.com/images/P/0739417096.01.LZZZZZZZ.jpg
377,One Door Away from Heaven,Dean R. Koontz,2002,http://images.amazon.com/images/P/0553582755.01.LZZZZZZZ.jpg
378,One True Thing,Anna Quindlen,1997,http://images.amazon.com/images/P/0385319207.01.LZZZZZZZ.jpg
379,One for the Money (A Stephanie Plum Novel),Janet Evanovich,2003,http://images.amazon.com/images/P/0312990456.01.LZZZZZZZ.jpg
380,One for the Money (Stephanie Plum Novels (Paperback)),Janet Evanovich,1995,http://images.amazon.com/images/P/0061009059.01.LZZZZZZZ.jpg
381,Oryx and Crake,Margaret Atwood,2003,http://images.amazon.com/images/P/0965739228.01.LZZZZZZZ.jpg
382,Outlander,Diana Gabaldon,1998,http://images.amazon.com/images/P/0385319959.01.LZZZZZZZ.jpg
383,Over the Edge,Suzanne Brockmann,2001,http://images.amazon.com/images/P/0804119708.01.LZZZZZZZ.jpg
384,P Is for Peril,Sue Grafton,2002,http://images.amazon.com/images/P/0449003795.01.LZZZZZZZ.jpg
385,Paradise,Toni Morrison,1999,http://images.amazon.com/images/P/0452280397.01.LZZZZZZZ.jpg
386,Patriot Games (Jack Ryan Novels),Tom Clancy,1992,http://images.amazon.com/images/P/0425109720.01.LZZZZZZZ.jpg
387,Pay It Forward,Catherine Ryan Hyde,2000,http://images.amazon.com/images/P/0743412028.01.LZZZZZZZ.jpg
388,Peace Like a River,Leif Enger,2001,http://images.amazon.com/images/P/087113795X.01.LZZZZZZZ.jpg
389,Pet Sematary,Stephen King,1994,http://images.amazon.com/images/P/0451162072.01.LZZZZZZZ.jpg
390,Phantoms,Dean R. Koontz,1996,http://images.amazon.com/images/P/0425101452.01.LZZZZZZZ.jpg
391,Pigs in Heaven,Barbara Kingsolver,1999,http://images.amazon.com/images/P/006109868X.01.LZZZZZZZ.jpg
392,Plainsong (Vintage Contemporaries),KENT HARUF,2000,http://images.amazon.com/images/P/0375705856.01.LZZZZZZZ.jpg
393,Pleading Guilty,Scott Turow,1994,http://images.amazon.com/images/P/0446365505.01.LZZZZZZZ.jpg
394,Plum Island,Nelson Demille,1997,http://images.amazon.com/images/P/0394583892.01.LZZZZZZZ.jpg
395,Point of Origin,Patricia Daniels Cornwell,1998,http://images.amazon.com/images/P/0399143947.01.LZZZZZZZ.jpg
396,Politically Correct Bedtime Stories: Modern Tales for Our Life and Times,James Finn Garner,1994,http://images.amazon.com/images/P/002542730X.01.LZZZZZZZ.jpg
397,Pop Goes the Weasel,James Patterson,1999,http://images.amazon.com/images/P/1570427135.01.LZZZZZZZ.jpg
398,Portrait in Death,Nora Roberts,2003,http://images.amazon.com/images/P/0425189031.01.LZZZZZZZ.jpg
399,Possession : A Romance,A.S. BYATT,1991,http://images.amazon.com/images/P/0679735909.01.LZZZZZZZ.jpg
400,Postmortem,Patricia Cornwell,2003,http://images.amazon.com/images/P/0743477154.01.LZZZZZZZ.jpg
401,Practical Magic,Alice Hoffman,1995,http://images.amazon.com/images/P/0399140557.01.LZZZZZZZ.jpg
402,Presumed Innocent,Scott Turow,1987,http://images.amazon.com/images/P/0374237131.01.LZZZZZZZ.jpg
403,Pretend You Don't See Her,Mary Higgins Clark,1997,http://images.amazon.com/images/P/0684810395.01.LZZZZZZZ.jpg
404,Pride and Prejudice,Jane Austen,1993,http://images.amazon.com/images/P/1566190932.01.LZZZZZZZ.jpg
405,Primary Colors: A Novel of Politics,Anonymous,1996,http://images.amazon.com/images/P/0446604275.01.LZZZZZZZ.jpg
406,Prime Cut,Diane Mott Davidson,2000,http://images.amazon.com/images/P/0553574671.01.LZZZZZZZ.jpg
407,Prodigal Summer,Barbara Kingsolver,2000,http://images.amazon.com/images/P/0694524379.01.LZZZZZZZ.jpg
408,Prodigal Summer: A Novel,Barbara Kingsolver,2001,http://images.amazon.com/images/P/0060959037.01.LZZZZZZZ.jpg
409,Purity in Death,J.D. Robb,2002,http://images.amazon.com/images/P/042518630X.01.LZZZZZZZ.jpg
410,Q Is for Quarry,Sue Grafton,2003,http://images.amazon.com/images/P/0425192725.01.LZZZZZZZ.jpg
411,Quentins,Maeve Binchy,2003,http://images.amazon.com/images/P/0451209907.01.LZZZZZZZ.jpg
412,Rainbow Six,Clancy Tom,1999,http://images.amazon.com/images/P/0613222407.01.LZZZZZZZ.jpg
413,Range of Motion,Elizabeth Berg,1995,http://images.amazon.com/images/P/0679437452.01.LZZZZZZZ.jpg
414,Reap the Wind,Iris Johansen,1991,http://images.amazon.com/images/P/0553292447.01.LZZZZZZZ.jpg
415,Rebecca,Daphne Du Maurier,1994,http://images.amazon.com/images/P/0380778556.01.LZZZZZZZ.jpg
416,Red Dragon,Thomas Harris,1986,http://images.amazon.com/images/P/0553264850.01.LZZZZZZZ.jpg
417,Red Storm Rising,Tom Clancy,1987,http://images.amazon.com/images/P/0606009833.01.LZZZZZZZ.jpg
418,Remember Me,Danice Allen,1996,http://images.amazon.com/images/P/0380781506.01.LZZZZZZZ.jpg
419,Riptide,Mickey Friedman,1994,http://images.amazon.com/images/P/0312104170.01.LZZZZZZZ.jpg
420,Rising Sun,Michael Crichton,1992,http://images.amazon.com/images/P/0394589424.01.LZZZZZZZ.jpg
421,Rising Tides,Emilie Richards,1997,http://images.amazon.com/images/P/1551662736.01.LZZZZZZZ.jpg
422,River's End,Nora Roberts,1999,http://images.amazon.com/images/P/0399144706.01.LZZZZZZZ.jpg
423,"River, Cross My Heart",Breena Clarke,1999,http://images.amazon.com/images/P/0316899992.01.LZZZZZZZ.jpg
424,Rose Madder,Stephen King,1995,http://images.amazon.com/images/P/0670858692.01.LZZZZZZZ.jpg
425,Roses Are Red (Alex Cross Novels),James Patterson,2001,http://images.amazon.com/images/P/0446605484.01.LZZZZZZZ.jpg
426,Rules of Prey,John Sandford,1992,http://images.amazon.com/images/P/0425121631.01.LZZZZZZZ.jpg
427,SHIPPING NEWS,Annie Proulx,1993,http://images.amazon.com/images/P/068419337X.01.LZZZZZZZ.jpg
428,STONES FROM THE RIVER,Ursula Hegi,1997,http://images.amazon.com/images/P/0684844729.01.LZZZZZZZ.jpg
429,Sacred Sins,Nora Roberts,1990,http://images.amazon.com/images/P/0553265741.01.LZZZZZZZ.jpg
430,Saint Maybe,ANNE TYLER,1992,http://images.amazon.com/images/P/0804108749.01.LZZZZZZZ.jpg
431,Sanctuary,Sharon K. Garner,2004,http://images.amazon.com/images/P/1594140979.01.LZZZZZZZ.jpg
432,Saving Faith,David Baldacci,1999,http://images.amazon.com/images/P/1570427690.01.LZZZZZZZ.jpg
433,Scarlet Feather,Maeve Binchy,2001,http://images.amazon.com/images/P/0375431063.01.LZZZZZZZ.jpg
434,"Scarlett : The Sequel to Margaret Mitchell's \Gone With the Wind\""""",Alexandra Ripley,1992,http://images.amazon.com/images/P/0446363251.01.LZZZZZZZ.jpg
435,Schindler's List,Thomas Keneally,1994,http://images.amazon.com/images/P/0671516884.01.LZZZZZZZ.jpg
436,Sea Glass: A Novel,Anita Shreve,2003,http://images.amazon.com/images/P/0316089699.01.LZZZZZZZ.jpg
437,Sea Swept (Quinn Brothers (Paperback)),Nora Roberts,2001,http://images.amazon.com/images/P/0515121843.01.LZZZZZZZ.jpg
438,Seabiscuit,LAURA HILLENBRAND,2003,http://images.amazon.com/images/P/0345465083.01.LZZZZZZZ.jpg
439,Seabiscuit: An American Legend,LAURA HILLENBRAND,2002,http://images.amazon.com/images/P/0449005615.01.LZZZZZZZ.jpg
440,Second Nature,Nora Roberts,1985,http://images.amazon.com/images/P/0373092881.01.LZZZZZZZ.jpg
441,Secret History,DONNA TARTT,1993,http://images.amazon.com/images/P/0804111359.01.LZZZZZZZ.jpg
442,Secrets,Deborah Aydt,1981,http://images.amazon.com/images/P/0590325183.01.LZZZZZZZ.jpg
443,Seize the Night,DEAN KOONTZ,1998,http://images.amazon.com/images/P/0553106651.01.LZZZZZZZ.jpg
444,September,Rosamunde Pilcher,1991,http://images.amazon.com/images/P/0312924801.01.LZZZZZZZ.jpg
445,Seven Habits Of Highly Effective People,Stephen R. Covey,1990,http://images.amazon.com/images/P/0671708635.01.LZZZZZZZ.jpg
446,Seven Up (A Stephanie Plum Novel),Janet Evanovich,2001,http://images.amazon.com/images/P/0312265840.01.LZZZZZZZ.jpg
447,Shadow Prey,John Sandford,1990,http://images.amazon.com/images/P/039913543X.01.LZZZZZZZ.jpg
448,Shadowfires,Leigh Nichols,1987,http://images.amazon.com/images/P/0380752166.01.LZZZZZZZ.jpg
449,Shattered,Dick Francis,2001,http://images.amazon.com/images/P/0515131210.01.LZZZZZZZ.jpg
450,She's Come Undone (Oprah's Book Club (Paperback)),Wally Lamb,1996,http://images.amazon.com/images/P/0671003755.01.LZZZZZZZ.jpg
451,She's Come Undone (Oprah's Book Club),Wally Lamb,1998,http://images.amazon.com/images/P/0671021001.01.LZZZZZZZ.jpg
452,Shell Seekers,Rosamunde Pilcher,1996,http://images.amazon.com/images/P/0440202043.01.LZZZZZZZ.jpg
453,Shopaholic Takes Manhattan (Summer Display Opportunity),Sophie Kinsella,2002,http://images.amazon.com/images/P/0385335881.01.LZZZZZZZ.jpg
454,Shopaholic Ties the Knot,Sophie Kinsella,2003,http://images.amazon.com/images/P/0385336179.01.LZZZZZZZ.jpg
455,Sick Puppy,Carl Hiaasen,2001,http://images.amazon.com/images/P/0446604666.01.LZZZZZZZ.jpg
456,Silence of the Lambs,Thomas Harris,1999,http://images.amazon.com/images/P/0312022824.01.LZZZZZZZ.jpg
457,Silent Witness,RICHARD NORTH PATTERSON,1997,http://images.amazon.com/images/P/0345404769.01.LZZZZZZZ.jpg
458,Sisterhood of the Traveling Pants,ANN BRASHARES,2003,http://images.amazon.com/images/P/0385730586.01.LZZZZZZZ.jpg
459,Skeleton Crew,Stephen King,1985,http://images.amazon.com/images/P/039913039X.01.LZZZZZZZ.jpg
460,Skipping Christmas,JOHN GRISHAM,2002,http://images.amazon.com/images/P/0739301985.01.LZZZZZZZ.jpg
461,Slammerkin,Emma Donoghue,2001,http://images.amazon.com/images/P/0151006725.01.LZZZZZZZ.jpg
462,Slaughterhouse Five or the Children's Crusade: A Duty Dance With Death,Kurt Vonnegut,1991,http://images.amazon.com/images/P/0440180295.01.LZZZZZZZ.jpg
463,Sleepers,Lorenzo Carcaterra,1996,http://images.amazon.com/images/P/0345404114.01.LZZZZZZZ.jpg
464,Slow Waltz in Cedar Bend,Robert James Waller,1993,http://images.amazon.com/images/P/0446516538.01.LZZZZZZZ.jpg
465,Small Town Girl,Lavyrle Spencer,1998,http://images.amazon.com/images/P/051512219X.01.LZZZZZZZ.jpg
466,Smart Women,Judy Blume,1983,http://images.amazon.com/images/P/0399128409.01.LZZZZZZZ.jpg
467,Smilla's Sense of Snow,Peter Hoeg,1995,http://images.amazon.com/images/P/0385315147.01.LZZZZZZZ.jpg
468,Snow Falling on Cedars,David Guterson,1995,http://images.amazon.com/images/P/067976402X.01.LZZZZZZZ.jpg
469,Sole Survivor,DEAN KOONTZ,1997,http://images.amazon.com/images/P/0345384377.01.LZZZZZZZ.jpg
470,Song of Solomon (Oprah's Book Club (Paperback)),Toni Morrison,1987,http://images.amazon.com/images/P/0452260116.01.LZZZZZZZ.jpg
471,Songs in Ordinary Time (Oprah's Book Club (Paperback)),Mary McGarry Morris,1996,http://images.amazon.com/images/P/0140244824.01.LZZZZZZZ.jpg
472,Sophie's World: A Novel About the History of Philosophy,Jostein Gaarder,1994,http://images.amazon.com/images/P/0374266425.01.LZZZZZZZ.jpg
473,Southern Cross,Terry Coleman,1980,http://images.amazon.com/images/P/0345283651.01.LZZZZZZZ.jpg
474,Sphere,Michael Crichton,1987,http://images.amazon.com/images/P/0394561104.01.LZZZZZZZ.jpg
475,Standoff,Sandra Brown,0,http://images.amazon.com/images/P/0739407635.01.LZZZZZZZ.jpg
476,Stanislaski Brothers (Silhouette Promo),Nora Roberts,2000,http://images.amazon.com/images/P/0373484224.01.LZZZZZZZ.jpg
477,Still Waters,Kerry Tucker,1992,http://images.amazon.com/images/P/0061090956.01.LZZZZZZZ.jpg
478,Stillwatch,Mary Higgins Clark,1984,http://images.amazon.com/images/P/0671469525.01.LZZZZZZZ.jpg
479,Strangers,Dean R. Koontz,2002,http://images.amazon.com/images/P/0425181111.01.LZZZZZZZ.jpg
480,Stupid White Men ...and Other Sorry Excuses for the State of the Nation!,Michael Moore,2002,http://images.amazon.com/images/P/0060392452.01.LZZZZZZZ.jpg
481,Sudden Prey,John Sandford,1997,http://images.amazon.com/images/P/0425157539.01.LZZZZZZZ.jpg
482,Summer Pleasures,Nora Roberts,2002,http://images.amazon.com/images/P/0373218397.01.LZZZZZZZ.jpg
483,Summer Sisters,Judy Blume,1999,http://images.amazon.com/images/P/0440226430.01.LZZZZZZZ.jpg
484,Suzanne's Diary for Nicholas,James Patterson,2001,http://images.amazon.com/images/P/1586210998.01.LZZZZZZZ.jpg
485,Table For Two,Nora Roberts,2002,http://images.amazon.com/images/P/0373218400.01.LZZZZZZZ.jpg
486,Tales of a Fourth Grade Nothing,Judy Blume,1972,http://images.amazon.com/images/P/0525407200.01.LZZZZZZZ.jpg
487,Taltos: Lives of the Mayfair Witches,Anne Rice,1994,http://images.amazon.com/images/P/067942573X.01.LZZZZZZZ.jpg
488,Tara Road,Maeve Binchy,0,http://images.amazon.com/images/P/0752821563.01.LZZZZZZZ.jpg
489,Tears of the Giraffe (No.1 Ladies Detective Agency),Alexander McCall Smith,2002,http://images.amazon.com/images/P/1400031354.01.LZZZZZZZ.jpg
490,Tears of the Moon (Irish Trilogy),Nora Roberts,2000,http://images.amazon.com/images/P/0515128546.01.LZZZZZZZ.jpg
491,Tell Me Lies (Tell Me Lies),Jennifer Crusie,1999,http://images.amazon.com/images/P/0312966806.01.LZZZZZZZ.jpg
492,Tell Me Your Dreams,Sidney Sheldon,1999,http://images.amazon.com/images/P/0446607207.01.LZZZZZZZ.jpg
493,Tell No One,Harlan Coben,2002,http://images.amazon.com/images/P/0440236703.01.LZZZZZZZ.jpg
494,Temptation,Sherryl Woods,1996,http://images.amazon.com/images/P/0758204779.01.LZZZZZZZ.jpg
495,That Camden Summer,Lavyrle Spencer,1997,http://images.amazon.com/images/P/051511992X.01.LZZZZZZZ.jpg
496,The Accidental Tourist,Anne Tyler,1998,http://images.amazon.com/images/P/0425161617.01.LZZZZZZZ.jpg
497,The Alchemist: A Fable About Following Your Dream,Paulo Coelho,1995,http://images.amazon.com/images/P/0062502182.01.LZZZZZZZ.jpg
498,The Alibi,Sandra Brown,2000,http://images.amazon.com/images/P/0446608653.01.LZZZZZZZ.jpg
499,The Alienist,Caleb Carr,1994,http://images.amazon.com/images/P/0679417796.01.LZZZZZZZ.jpg
500,The Amazing Adventures of Kavalier &amp; Clay,Michael Chabon,2001,http://images.amazon.com/images/P/0312282990.01.LZZZZZZZ.jpg
501,"The Amber Spyglass (His Dark Materials, Book 3)",Philip Pullman,2000,http://images.amazon.com/images/P/0679879269.01.LZZZZZZZ.jpg
502,The Andromeda Strain,MICHAEL CRICHTON,1992,http://images.amazon.com/images/P/0345378482.01.LZZZZZZZ.jpg
503,The Angel of Darkness,Caleb Carr,1997,http://images.amazon.com/images/P/0679435328.01.LZZZZZZZ.jpg
504,The Apprentice,Tess Gerritsen,2003,http://images.amazon.com/images/P/0345447867.01.LZZZZZZZ.jpg
505,The Bachelor (Warner Books Contemporary Romance),Carly Phillips,2002,http://images.amazon.com/images/P/0446610542.01.LZZZZZZZ.jpg
506,"The Bad Beginning (A Series of Unfortunate Events, Book 1)",Lemony Snicket,1999,http://images.amazon.com/images/P/0064407667.01.LZZZZZZZ.jpg
507,The Bad Place,Dean R. Koontz,1994,http://images.amazon.com/images/P/0425124347.01.LZZZZZZZ.jpg
508,The Beach House,James Patterson,2003,http://images.amazon.com/images/P/0446612545.01.LZZZZZZZ.jpg
509,The Bean Trees,Barbara Kingsolver,1988,http://images.amazon.com/images/P/0060158638.01.LZZZZZZZ.jpg
510,The Blind Assassin,Margaret Atwood,2001,http://images.amazon.com/images/P/0385720955.01.LZZZZZZZ.jpg
511,The Blue Nowhere : A Novel,Jeffery Deaver,2001,http://images.amazon.com/images/P/0684871270.01.LZZZZZZZ.jpg
512,The Bluest Eye,Toni Morrison,2000,http://images.amazon.com/images/P/0452282195.01.LZZZZZZZ.jpg
513,The Body Farm,Patricia Daniels Cornwell,1995,http://images.amazon.com/images/P/0425147622.01.LZZZZZZZ.jpg
514,The Bonesetter's Daughter,Amy Tan,2001,http://images.amazon.com/images/P/0399146431.01.LZZZZZZZ.jpg
515,The Bonfire of the Vanities,Tom Wolfe,1988,http://images.amazon.com/images/P/0553275976.01.LZZZZZZZ.jpg
516,The Book of Ruth (Oprah's Book Club (Paperback)),Jane Hamilton,1990,http://images.amazon.com/images/P/0385265700.01.LZZZZZZZ.jpg
517,The Bourne Identity,Robert Ludlum,1984,http://images.amazon.com/images/P/0553260111.01.LZZZZZZZ.jpg
518,The Bourne Supremacy,Robert Ludlum,0,http://images.amazon.com/images/P/0586064540.01.LZZZZZZZ.jpg
519,The Bourne Ultimatum,Robert Ludlum,1991,http://images.amazon.com/images/P/0553287737.01.LZZZZZZZ.jpg
520,The Boy Next Door,Meggin Cabot,2002,http://images.amazon.com/images/P/0060096195.01.LZZZZZZZ.jpg
521,The Brethren,John Grisham,2000,http://images.amazon.com/images/P/0440236673.01.LZZZZZZZ.jpg
522,The Bridges of Madison County,Robert James Waller,1995,http://images.amazon.com/images/P/0749320346.01.LZZZZZZZ.jpg
523,The Burden of Proof,Scott Turow,1991,http://images.amazon.com/images/P/0446360589.01.LZZZZZZZ.jpg
524,The Cardinal of the Kremlin (Jack Ryan Novels),Tom Clancy,1989,http://images.amazon.com/images/P/0425116840.01.LZZZZZZZ.jpg
525,The Carousel,Belva Plain,1998,http://images.amazon.com/images/P/0440216842.01.LZZZZZZZ.jpg
526,The Catcher in the Rye,J.D. Salinger,1991,http://images.amazon.com/images/P/0316769487.01.LZZZZZZZ.jpg
527,The Celestine Prophecy (Celestine Prophecy),James Redfield,1994,http://images.amazon.com/images/P/044651862X.01.LZZZZZZZ.jpg
528,The Chamber,John Grisham,1994,http://images.amazon.com/images/P/0553472348.01.LZZZZZZZ.jpg
529,The Cider House Rules,John Irving,1985,http://images.amazon.com/images/P/0688057624.01.LZZZZZZZ.jpg
530,The Clan of the Cave Bear (Earth's Children (Paperback)),Jean M. Auel,1984,http://images.amazon.com/images/P/0553250426.01.LZZZZZZZ.jpg
531,The Client,John Grisham,1994,http://images.amazon.com/images/P/0440213525.01.LZZZZZZZ.jpg
532,The Clinic (Alex Delaware Novels (Paperback)),Jonathan Kellerman,1999,http://images.amazon.com/images/P/055357230X.01.LZZZZZZZ.jpg
533,The Color Purple,Alice Walker,1990,http://images.amazon.com/images/P/0521403979.01.LZZZZZZZ.jpg
534,The Color of Water: A Black Man's Tribute to His White Mother,James McBride,1996,http://images.amazon.com/images/P/1573220221.01.LZZZZZZZ.jpg
535,The Copper Beech,Maeve Binchy,2001,http://images.amazon.com/images/P/0553527738.01.LZZZZZZZ.jpg
536,The Cradle Will Fall,Mary Higgins Clark,1991,http://images.amazon.com/images/P/0671741195.01.LZZZZZZZ.jpg
537,The Crimson Petal and the White,Michel Faber,2003,http://images.amazon.com/images/P/0156028778.01.LZZZZZZZ.jpg
538,The Da Vinci Code,Dan Brown,2003,http://images.amazon.com/images/P/0385504217.01.LZZZZZZZ.jpg
539,The Dark Half,Stephen King,1994,http://images.amazon.com/images/P/0451167317.01.LZZZZZZZ.jpg
540,The Dead Zone,Stephen King,1979,http://images.amazon.com/images/P/0670260770.01.LZZZZZZZ.jpg
541,The Deep End of the Ocean,Jacquelyn Mitchard,1999,http://images.amazon.com/images/P/0451197747.01.LZZZZZZZ.jpg
542,The Devil Wears Prada : A Novel,LAUREN WEISBERGER,2004,http://images.amazon.com/images/P/0767914767.01.LZZZZZZZ.jpg
543,The Diary of Ellen Rimbauer: My Life at Rose Red,Ellen Rimbauer,2002,http://images.amazon.com/images/P/0786890436.01.LZZZZZZZ.jpg
544,The Divine Secrets of the Ya-Ya Sisterhood: A Novel,Rebecca Wells,2002,http://images.amazon.com/images/P/0060502258.01.LZZZZZZZ.jpg
545,The Dogs of Babel (Today Show Book Club #12),Carolyn Parkhurst,2003,http://images.amazon.com/images/P/0316168688.01.LZZZZZZZ.jpg
546,The Door to December,Dean R. Koontz,2002,http://images.amazon.com/images/P/0451205421.01.LZZZZZZZ.jpg
547,"The Drawing of the Three (The Dark Tower, Book 2)",Stephen King,2003,http://images.amazon.com/images/P/0670032557.01.LZZZZZZZ.jpg
548,The Edge,Dick Francis,1989,http://images.amazon.com/images/P/039913414X.01.LZZZZZZZ.jpg
549,The Eight,KATHERINE NEVILLE,1997,http://images.amazon.com/images/P/0345419081.01.LZZZZZZZ.jpg
550,The Empty Chair,Jeffery Deaver,2001,http://images.amazon.com/images/P/0671026011.01.LZZZZZZZ.jpg
551,The English Patient,Michael Ondaatje,1996,http://images.amazon.com/images/P/0679745203.01.LZZZZZZZ.jpg
552,The Eyre Affair: A Novel,Jasper Fforde,2003,http://images.amazon.com/images/P/0142001805.01.LZZZZZZZ.jpg
553,The Face of Deception,Iris Johansen,1999,http://images.amazon.com/images/P/0553578022.01.LZZZZZZZ.jpg
554,"The Fellowship of the Ring (The Lord of the Rings, Part 1)",J.R.R. TOLKIEN,1986,http://images.amazon.com/images/P/0345339703.01.LZZZZZZZ.jpg
555,The Firm,John Grisham,1991,http://images.amazon.com/images/P/0385416342.01.LZZZZZZZ.jpg
556,The First Counsel,Brad Meltzer,2001,http://images.amazon.com/images/P/044661064X.01.LZZZZZZZ.jpg
557,The First Wives Club Movie Tie In,Olivia Goldsmith,1996,http://images.amazon.com/images/P/0671002481.01.LZZZZZZZ.jpg
558,The Five People You Meet in Heaven,Mitch Albom,2003,http://images.amazon.com/images/P/1401397522.01.LZZZZZZZ.jpg
559,The Fourth Hand,JOHN IRVING,2001,http://images.amazon.com/images/P/0375506276.01.LZZZZZZZ.jpg
560,The General's Daughter,Nelson DeMille,1993,http://images.amazon.com/images/P/0446364800.01.LZZZZZZZ.jpg
561,The Genesis Code,John Case,1997,http://images.amazon.com/images/P/0449911012.01.LZZZZZZZ.jpg
562,The Ghost,Danielle Steel,1997,http://images.amazon.com/images/P/038531695X.01.LZZZZZZZ.jpg
563,The Gift,Jefferson Carter,1998,http://images.amazon.com/images/P/1885628501.01.LZZZZZZZ.jpg
564,The Girl Who Loved Tom Gordon,Stephen King,2000,http://images.amazon.com/images/P/0671042858.01.LZZZZZZZ.jpg
565,The Girls' Guide to Hunting and Fishing,Melissa Bank,1999,http://images.amazon.com/images/P/067088300X.01.LZZZZZZZ.jpg
566,The Giver (21st Century Reference),Lois Lowry,1999,http://images.amazon.com/images/P/0785734988.01.LZZZZZZZ.jpg
567,The Glass Lake,Maeve Binchy,1995,http://images.amazon.com/images/P/0553473158.01.LZZZZZZZ.jpg
568,The God of Small Things,Arundhati Roy,1997,http://images.amazon.com/images/P/0679457313.01.LZZZZZZZ.jpg
569,"The Golden Compass (His Dark Materials, Book 1)",PHILIP PULLMAN,2002,http://images.amazon.com/images/P/037582345X.01.LZZZZZZZ.jpg
570,The Great Gatsby,F. Scott Fitzgerald,1995,http://images.amazon.com/images/P/0684801523.01.LZZZZZZZ.jpg
571,The Green Mile,Stephen King,1999,http://images.amazon.com/images/P/0671041789.01.LZZZZZZZ.jpg
572,The Grilling Season,Diane Mott Davidson,1997,http://images.amazon.com/images/P/0553100009.01.LZZZZZZZ.jpg
573,The Guardian,Nicholas Sparks,2003,http://images.amazon.com/images/P/0446527793.01.LZZZZZZZ.jpg
574,"The Gunslinger (The Dark Tower, Book 1)",Stephen King,2003,http://images.amazon.com/images/P/0670032549.01.LZZZZZZZ.jpg
575,The Handmaid's Tale,Margaret Atwood,1989,http://images.amazon.com/images/P/0449212602.01.LZZZZZZZ.jpg
576,The Hitchhiker's Guide to the Galaxy,Douglas Adams,1997,http://images.amazon.com/images/P/0345418913.01.LZZZZZZZ.jpg
577,The Hobbit : The Enchanting Prelude to The Lord of the Rings,J.R.R. TOLKIEN,1986,http://images.amazon.com/images/P/0345339681.01.LZZZZZZZ.jpg
578,The Honk and Holler Opening Soon,Billie Letts,1998,http://images.amazon.com/images/P/0446521582.01.LZZZZZZZ.jpg
579,The Horse Whisperer,Nicholas Evans,1995,http://images.amazon.com/images/P/0385315236.01.LZZZZZZZ.jpg
580,The Hot Zone,Richard Preston,1999,http://images.amazon.com/images/P/0385495226.01.LZZZZZZZ.jpg
581,The Hours : A Novel,Michael Cunningham,2000,http://images.amazon.com/images/P/0312243022.01.LZZZZZZZ.jpg
582,The Hours: A Novel,Michael Cunningham,2002,http://images.amazon.com/images/P/0312305060.01.LZZZZZZZ.jpg
583,The House of the Spirits,Isabel Allende,1985,http://images.amazon.com/images/P/0394539079.01.LZZZZZZZ.jpg
584,The Hundred Secret Senses,Amy Tan,1998,http://images.amazon.com/images/P/0375701524.01.LZZZZZZZ.jpg
585,The Hunt for Red October,Tom Clancy,1990,http://images.amazon.com/images/P/0425120279.01.LZZZZZZZ.jpg
586,The Idiot Girls' Action Adventure Club,Laurie Notaro,2002,http://images.amazon.com/images/P/0375760911.01.LZZZZZZZ.jpg
587,The Jester,James Patterson,2003,http://images.amazon.com/images/P/0316602051.01.LZZZZZZZ.jpg
588,The Joy Luck Club,Amy Tan,1994,http://images.amazon.com/images/P/0749336021.01.LZZZZZZZ.jpg
589,The Killing Game: Only One Can Win...and the Loser Dies,Iris Johansen,2000,http://images.amazon.com/images/P/0553581554.01.LZZZZZZZ.jpg
590,The King of Torts,John Grisham,2003,http://images.amazon.com/images/P/0739302248.01.LZZZZZZZ.jpg
591,The Kiss,Danielle Steel,2002,http://images.amazon.com/images/P/044023669X.01.LZZZZZZZ.jpg
592,The Kitchen God's Wife,Amy Tan,1991,http://images.amazon.com/images/P/0399135782.01.LZZZZZZZ.jpg
593,The Last Precinct,Patricia Daniels Cornwell,2000,http://images.amazon.com/images/P/0399146253.01.LZZZZZZZ.jpg
594,The Last Time They Met : A Novel,Anita Shreve,2002,http://images.amazon.com/images/P/0316781266.01.LZZZZZZZ.jpg
595,The Little Friend,Donna Tartt,2002,http://images.amazon.com/images/P/0679439382.01.LZZZZZZZ.jpg
596,The Little Prince,Antoine de Saint-Exupry,1968,http://images.amazon.com/images/P/0156528207.01.LZZZZZZZ.jpg
597,The Long Road Home,Danielle Steel,1998,http://images.amazon.com/images/P/0553479148.01.LZZZZZZZ.jpg
598,The Loop,Nicholas Evans,1999,http://images.amazon.com/images/P/0440224624.01.LZZZZZZZ.jpg
599,The Lost Boy: A Foster Child's Search for the Love of a Family,Dave Pelzer,1997,http://images.amazon.com/images/P/1558745157.01.LZZZZZZZ.jpg
600,The Lost World,Michael Crichton,1996,http://images.amazon.com/images/P/034540288X.01.LZZZZZZZ.jpg
601,The Lottery Winner : Alvirah And Willy Stories,Mary Higgins Clark,1995,http://images.amazon.com/images/P/0671867172.01.LZZZZZZZ.jpg
602,The Lovely Bones: A Novel,Alice Sebold,2002,http://images.amazon.com/images/P/0316666343.01.LZZZZZZZ.jpg
603,The Mists of Avalon,MARION ZIMMER BRADLEY,1987,http://images.amazon.com/images/P/0345350499.01.LZZZZZZZ.jpg
604,The Most Wanted,Jacquelyn Mitchard,1998,http://images.amazon.com/images/P/0670878847.01.LZZZZZZZ.jpg
605,The Mulberry Tree,Jude Deveraux,2003,http://images.amazon.com/images/P/0743437640.01.LZZZZZZZ.jpg
606,The Mummy or Ramses the Damned,Anne Rice,1989,http://images.amazon.com/images/P/0345360001.01.LZZZZZZZ.jpg
607,The Murder Book,JONATHAN KELLERMAN,2002,http://images.amazon.com/images/P/0345452534.01.LZZZZZZZ.jpg
608,The Nanny Diaries: A Novel,Emma McLaughlin,2002,http://images.amazon.com/images/P/0312278586.01.LZZZZZZZ.jpg
609,The Next Accident,LISA GARDNER,2001,http://images.amazon.com/images/P/0553802380.01.LZZZZZZZ.jpg
610,The No. 1 Ladies' Detective Agency (Today Show Book Club #8),Alexander McCall Smith,2003,http://images.amazon.com/images/P/1400034779.01.LZZZZZZZ.jpg
611,The Notebook,Nicholas Sparks,1999,http://images.amazon.com/images/P/0446676098.01.LZZZZZZZ.jpg
612,The Other Boleyn Girl,Philippa Gregory,2001,http://images.amazon.com/images/P/0739427113.01.LZZZZZZZ.jpg
613,The Partner,John Grisham,1997,http://images.amazon.com/images/P/0385472951.01.LZZZZZZZ.jpg
614,The Pelican Brief,John Grisham,1993,http://images.amazon.com/images/P/0440214041.01.LZZZZZZZ.jpg
615,The Perfect Storm : A True Story of Men Against the Sea,Sebastian Junger,1999,http://images.amazon.com/images/P/0060977477.01.LZZZZZZZ.jpg
616,The Phantom Tollbooth,Norton Juster,1993,http://images.amazon.com/images/P/0394820371.01.LZZZZZZZ.jpg
617,The Pillars of the Earth,Ken Follett,2002,http://images.amazon.com/images/P/0743527631.01.LZZZZZZZ.jpg
618,The Pilot's Wife : A Novel,Anita Shreve,1999,http://images.amazon.com/images/P/0316601950.01.LZZZZZZZ.jpg
619,The Plains of Passage (Earth's Children (Paperback)),JEAN M. AUEL,1991,http://images.amazon.com/images/P/0553289411.01.LZZZZZZZ.jpg
620,The Poisonwood Bible,Barbara Kingsolver,1999,http://images.amazon.com/images/P/0060175400.01.LZZZZZZZ.jpg
621,The Poisonwood Bible: A Novel,Barbara Kingsolver,1999,http://images.amazon.com/images/P/0060930535.01.LZZZZZZZ.jpg
622,The Prince of Tides,Pat Conroy,2002,http://images.amazon.com/images/P/0553381547.01.LZZZZZZZ.jpg
623,The Princess Bride: S Morgenstern's Classic Tale of True Love and High Adventure,WILLIAM GOLDMAN,1987,http://images.amazon.com/images/P/0345348036.01.LZZZZZZZ.jpg
624,The Promise,Hal Lindsey,1982,http://images.amazon.com/images/P/0890813515.01.LZZZZZZZ.jpg
625,The Pull of the Moon,Elizabeth Berg,1997,http://images.amazon.com/images/P/0515120898.01.LZZZZZZZ.jpg
626,The Queen of the Damned (Vampire Chronicles (Paperback)),Anne Rice,1993,http://images.amazon.com/images/P/0345351525.01.LZZZZZZZ.jpg
627,The Rainmaker,John Grisham,1996,http://images.amazon.com/images/P/0440295424.01.LZZZZZZZ.jpg
628,The Rapture of Canaan,Sheri Reynolds,2003,http://images.amazon.com/images/P/0425155439.01.LZZZZZZZ.jpg
629,The Reader,Carol Brown Janeway,1998,http://images.amazon.com/images/P/0679781307.01.LZZZZZZZ.jpg
630,The Red Tent (Bestselling Backlist),Anita Diamant,1998,http://images.amazon.com/images/P/0312195516.01.LZZZZZZZ.jpg
631,The Reef,Nora Roberts,1999,http://images.amazon.com/images/P/051512608X.01.LZZZZZZZ.jpg
632,The Regulators,Richard Bachman,1996,http://images.amazon.com/images/P/0525941908.01.LZZZZZZZ.jpg
633,"The Reptile Room (A Series of Unfortunate Events, Book 2)",Lemony Snicket,1999,http://images.amazon.com/images/P/0064407675.01.LZZZZZZZ.jpg
634,The Rescue,Nicholas Sparks,2000,http://images.amazon.com/images/P/0446525502.01.LZZZZZZZ.jpg
635,The Return Journey,Maeve Binchy,2001,http://images.amazon.com/images/P/0613293339.01.LZZZZZZZ.jpg
636,"The Return of the King (The Lord of the Rings, Part 3)",J. R. R. Tolkien,1988,http://images.amazon.com/images/P/0395272211.01.LZZZZZZZ.jpg
637,The Robber Bride,Margaret Atwood,1995,http://images.amazon.com/images/P/0553569058.01.LZZZZZZZ.jpg
638,The Runaway Jury,John Grisham,1996,http://images.amazon.com/images/P/0553472828.01.LZZZZZZZ.jpg
639,The Sands of Time,Sidney Sheldon,1989,http://images.amazon.com/images/P/0446356832.01.LZZZZZZZ.jpg
640,The Saving Graces: A Novel,Patricia Gaffney,2000,http://images.amazon.com/images/P/0061097101.01.LZZZZZZZ.jpg
641,The Search,Iris Johansen,2001,http://images.amazon.com/images/P/0553582127.01.LZZZZZZZ.jpg
642,The Secret Garden,Frances Hodgson Burnett,1989,http://images.amazon.com/images/P/0812505018.01.LZZZZZZZ.jpg
643,The Secret Life of Bees,Sue Monk Kidd,2002,http://images.amazon.com/images/P/096533192X.01.LZZZZZZZ.jpg
644,The Shining,Stephen King,1997,http://images.amazon.com/images/P/0451193881.01.LZZZZZZZ.jpg
645,The Shipping News : A Novel,Annie Proulx,2001,http://images.amazon.com/images/P/0743225422.01.LZZZZZZZ.jpg
646,The Simple Truth,David Baldacci,1998,http://images.amazon.com/images/P/0446523321.01.LZZZZZZZ.jpg
647,The Smoke Jumper,Nicholas Evans,2001,http://images.amazon.com/images/P/0385334036.01.LZZZZZZZ.jpg
648,The Stone Diaries,Carol Shields,1994,http://images.amazon.com/images/P/0670853097.01.LZZZZZZZ.jpg
649,The Street Lawyer,JOHN GRISHAM,1999,http://images.amazon.com/images/P/0440225701.01.LZZZZZZZ.jpg
650,"The Subtle Knife (His Dark Materials, Book 2)",Philip Pullman,1999,http://images.amazon.com/images/P/0375802118.01.LZZZZZZZ.jpg
651,The Sum of All Fears (Jack Ryan Novels),Tom Clancy,1996,http://images.amazon.com/images/P/0425133540.01.LZZZZZZZ.jpg
652,The Summerhouse,Jude Deveraux,2001,http://images.amazon.com/images/P/0671014188.01.LZZZZZZZ.jpg
653,The Summons,John Grisham,2002,http://images.amazon.com/images/P/0440241073.01.LZZZZZZZ.jpg
654,The Surgeon,TESS GERRITSEN,2002,http://images.amazon.com/images/P/0345447840.01.LZZZZZZZ.jpg
655,The Sweet Potato Queens' Book of Love,JILL CONNER BROWNE,2002,http://images.amazon.com/images/P/0553756869.01.LZZZZZZZ.jpg
656,The Switch,Sandra Brown,2003,http://images.amazon.com/images/P/0743532430.01.LZZZZZZZ.jpg
657,The Tale of the Body Thief (Vampire Chronicles (Paperback)),Anne Rice,1993,http://images.amazon.com/images/P/034538475X.01.LZZZZZZZ.jpg
658,The Talisman,Stephen King,2001,http://images.amazon.com/images/P/0375507779.01.LZZZZZZZ.jpg
659,The Tao of Pooh,Benjamin Hoff,1983,http://images.amazon.com/images/P/0140067477.01.LZZZZZZZ.jpg
660,The Temple of My Familiar,Alice Walker,1990,http://images.amazon.com/images/P/0671683993.01.LZZZZZZZ.jpg
661,The Terminal Man,Michael Crichton,1972,http://images.amazon.com/images/P/0394447689.01.LZZZZZZZ.jpg
662,The Testament,John Grisham,1999,http://images.amazon.com/images/P/0099245027.01.LZZZZZZZ.jpg
663,The Thorn Birds,Colleen McCullough,1978,http://images.amazon.com/images/P/0380018179.01.LZZZZZZZ.jpg
664,The Tommyknockers,Stephen King,1994,http://images.amazon.com/images/P/0451156609.01.LZZZZZZZ.jpg
665,"The Two Towers (The Lord of the Rings, Part 2)",J.R.R. Tolkien,2002,http://images.amazon.com/images/P/0618260595.01.LZZZZZZZ.jpg
666,The Ugly Duckling,Iris Johansen,1997,http://images.amazon.com/images/P/0553569910.01.LZZZZZZZ.jpg
667,The Valley of Horses,JEAN M. AUEL,1984,http://images.amazon.com/images/P/0553250531.01.LZZZZZZZ.jpg
668,"The Vampire Lestat (Vampire Chronicles, Book II)",ANNE RICE,1986,http://images.amazon.com/images/P/0345313860.01.LZZZZZZZ.jpg
669,The Villa,Nora Roberts,2002,http://images.amazon.com/images/P/0515132187.01.LZZZZZZZ.jpg
670,The Virgin Suicides,Jeffrey Eugenides,1994,http://images.amazon.com/images/P/0446670251.01.LZZZZZZZ.jpg
671,The Wedding,Nicholas Sparks,2003,http://images.amazon.com/images/P/0446532452.01.LZZZZZZZ.jpg
672,The Weight of Water : A Novel Tag: Author of Resistance and Strange Fits of Passion,Anita Shreve,1998,http://images.amazon.com/images/P/0316780375.01.LZZZZZZZ.jpg
673,The Winner,David Baldacci,1998,http://images.amazon.com/images/P/0446606324.01.LZZZZZZZ.jpg
674,The Witching Hour (Lives of the Mayfair Witches),ANNE RICE,1993,http://images.amazon.com/images/P/0345384466.01.LZZZZZZZ.jpg
675,The Witness,Richard S. Wheeler,2000,http://images.amazon.com/images/P/0451200756.01.LZZZZZZZ.jpg
676,The Woman Next Door,Barbara Delinsky,2002,http://images.amazon.com/images/P/0743411250.01.LZZZZZZZ.jpg
677,Thinner,Stephen King,1985,http://images.amazon.com/images/P/0451137965.01.LZZZZZZZ.jpg
678,Three Fates,Nora Roberts,2002,http://images.amazon.com/images/P/1587886936.01.LZZZZZZZ.jpg
679,Three Junes,Julia Glass,2003,http://images.amazon.com/images/P/009179952X.01.LZZZZZZZ.jpg
680,Three To Get Deadly : A Stephanie Plum Novel (A Stephanie Plum Novel),Janet Evanovich,1998,http://images.amazon.com/images/P/0312966091.01.LZZZZZZZ.jpg
681,Timeline,Michael Crichton,2002,http://images.amazon.com/images/P/3442451221.01.LZZZZZZZ.jpg
682,Tis : A Memoir,Frank McCourt,1999,http://images.amazon.com/images/P/0684848783.01.LZZZZZZZ.jpg
683,Tis: A Memoir,Frank McCourt,2000,http://images.amazon.com/images/P/0684865742.01.LZZZZZZZ.jpg
684,To Kill a Mockingbird,Harper Lee,2002,http://images.amazon.com/images/P/0060935464.01.LZZZZZZZ.jpg
685,To the Nines: A Stephanie Plum Novel,Janet Evanovich,2003,http://images.amazon.com/images/P/0312265867.01.LZZZZZZZ.jpg
686,Tom Clancy's Op-Center (Tom Clancy's Op Center (Paperback)),Tom Clancy,1995,http://images.amazon.com/images/P/0425147363.01.LZZZZZZZ.jpg
687,Touching Evil,Kay Hooper,2001,http://images.amazon.com/images/P/0553583441.01.LZZZZZZZ.jpg
688,Tough Cookie,Diane Mott Davidson,2000,http://images.amazon.com/images/P/0553107232.01.LZZZZZZZ.jpg
689,Toxin,Robin Cook,1998,http://images.amazon.com/images/P/0399143165.01.LZZZZZZZ.jpg
690,Tribulation Force: The Continuing Drama of Those Left Behind (Left Behind No. 2),Tim LaHaye,1997,http://images.amazon.com/images/P/0842329218.01.LZZZZZZZ.jpg
691,"Truly, Madly Manhattan",Nora Roberts,2003,http://images.amazon.com/images/P/0373218036.01.LZZZZZZZ.jpg
692,"Tuesdays with Morrie: An Old Man, a Young Man, and Life's Greatest Lesson",MITCH ALBOM,1997,http://images.amazon.com/images/P/0385484518.01.LZZZZZZZ.jpg
693,Turtle Moon,Alice Hoffman,1993,http://images.amazon.com/images/P/042513699X.01.LZZZZZZZ.jpg
694,Two for the Dough,Janet Evanovich,1996,http://images.amazon.com/images/P/0671001795.01.LZZZZZZZ.jpg
695,Under the Tuscan Sun,Frances Mayes,1997,http://images.amazon.com/images/P/0767900383.01.LZZZZZZZ.jpg
696,Unnatural Exposure,Cornwell Patricia,0,http://images.amazon.com/images/P/0316639842.01.LZZZZZZZ.jpg
697,Unspeakable,Sandra Brown,1998,http://images.amazon.com/images/P/0446519790.01.LZZZZZZZ.jpg
698,Vanished,Mary McGarry Morris,1997,http://images.amazon.com/images/P/0140272100.01.LZZZZZZZ.jpg
699,Vector,Robin Cook,1999,http://images.amazon.com/images/P/0399144714.01.LZZZZZZZ.jpg
700,Vinegar Hill (Oprah's Book Club (Paperback)),A. Manette Ansay,1998,http://images.amazon.com/images/P/0380730138.01.LZZZZZZZ.jpg
701,Violets Are Blue,James Patterson,2002,http://images.amazon.com/images/P/0446611212.01.LZZZZZZZ.jpg
702,Violin,Anne Rice,1997,http://images.amazon.com/images/P/0679433023.01.LZZZZZZZ.jpg
703,Vittorio the Vampire: New Tales of the Vampires,Anne Rice,2001,http://images.amazon.com/images/P/0345422392.01.LZZZZZZZ.jpg
704,Voyager,DIANA GABALDON,2001,http://images.amazon.com/images/P/0385335997.01.LZZZZZZZ.jpg
705,WLD ACCORDNG GARP,John Irving,1982,http://images.amazon.com/images/P/0671452177.01.LZZZZZZZ.jpg
706,Waiting to Exhale,Terry McMillan,1994,http://images.amazon.com/images/P/0671501488.01.LZZZZZZZ.jpg
707,Wanderlust,Danielle Steel,1986,http://images.amazon.com/images/P/0385294638.01.LZZZZZZZ.jpg
708,Watchers,Dean R. Koontz,1996,http://images.amazon.com/images/P/0425107469.01.LZZZZZZZ.jpg
709,Watermelon,Marian Keyes,1995,http://images.amazon.com/images/P/1853715085.01.LZZZZZZZ.jpg
710,Watership Down,Richard Adams,1976,http://images.amazon.com/images/P/0380002930.01.LZZZZZZZ.jpg
711,We Were the Mulvaneys,Joyce Carol Oates,1996,http://images.amazon.com/images/P/0452282829.01.LZZZZZZZ.jpg
712,We'll Meet Again,Mary Higgins Clark,2000,http://images.amazon.com/images/P/0671004565.01.LZZZZZZZ.jpg
713,Weep No More My Lady,Mary Higgins Clark,1993,http://images.amazon.com/images/P/0440200989.01.LZZZZZZZ.jpg
714,Welcome to Temptation,Jennifer Crusie,2000,http://images.amazon.com/images/P/0312252943.01.LZZZZZZZ.jpg
715,"Welcome to the World, Baby Girl!",Fannie Flagg,1999,http://images.amazon.com/images/P/080411868X.01.LZZZZZZZ.jpg
716,What Looks Like Crazy On An Ordinary Day,Pearl Cleage,1998,http://images.amazon.com/images/P/038079487X.01.LZZZZZZZ.jpg
717,What to Expect When You're Expecting (Revised Edition),Arlene Eisenberg,1996,http://images.amazon.com/images/P/089480829X.01.LZZZZZZZ.jpg
718,When the Wind Blows,James Patterson,2000,http://images.amazon.com/images/P/0446676438.01.LZZZZZZZ.jpg
719,Where the Heart Is (Oprah's Book Club (Paperback)),Billie Letts,1998,http://images.amazon.com/images/P/0446672211.01.LZZZZZZZ.jpg
720,Where the Red Fern Grows,Wilson Rawls,1981,http://images.amazon.com/images/P/0553247816.01.LZZZZZZZ.jpg
721,While I Was Gone,Miller Sue,1999,http://images.amazon.com/images/P/074754364X.01.LZZZZZZZ.jpg
722,While My Pretty One Sleeps,Mary Higgins Clark,1990,http://images.amazon.com/images/P/0671673688.01.LZZZZZZZ.jpg
723,"Whirlwind (Tyler, Book 1)",Nancy Martin,1992,http://images.amazon.com/images/P/0373825013.01.LZZZZZZZ.jpg
724,Whispers,Belva Plain,1993,http://images.amazon.com/images/P/0385299281.01.LZZZZZZZ.jpg
725,White Oleander : A Novel,Janet Fitch,1999,http://images.amazon.com/images/P/0316285269.01.LZZZZZZZ.jpg
726,White Oleander : A Novel (Oprah's Book Club),Janet Fitch,2000,http://images.amazon.com/images/P/0316284955.01.LZZZZZZZ.jpg
727,White Teeth: A Novel,Zadie Smith,2001,http://images.amazon.com/images/P/0375703861.01.LZZZZZZZ.jpg
728,Wicked: The Life and Times of the Wicked Witch of the West,Gregory Maguire,1996,http://images.amazon.com/images/P/0060987103.01.LZZZZZZZ.jpg
729,Wifey,Judy Blume,1989,http://images.amazon.com/images/P/0671693816.01.LZZZZZZZ.jpg
730,Wild Animus,Rich Shapero,2004,http://images.amazon.com/images/P/0971880107.01.LZZZZZZZ.jpg
731,Winter Moon,Dean R. Koontz,1995,http://images.amazon.com/images/P/0345386108.01.LZZZZZZZ.jpg
732,Winter Solstice,Rosamunde Pilcher,2000,http://images.amazon.com/images/P/B00009NDAN.01.LZZZZZZZ.jpg
733,Wish You Well,David Baldacci,2001,http://images.amazon.com/images/P/0446610100.01.LZZZZZZZ.jpg
734,Without Remorse,Tom Clancy,1993,http://images.amazon.com/images/P/0399138250.01.LZZZZZZZ.jpg
735,"Wizard and Glass (The Dark Tower, Book 4)",Stephen King,1997,http://images.amazon.com/images/P/0452279178.01.LZZZZZZZ.jpg
736,Wuthering Heights,Emily Bronte,1959,http://images.amazon.com/images/P/0451516508.01.LZZZZZZZ.jpg
737,Year of Wonders,Geraldine Brooks,2002,http://images.amazon.com/images/P/0142001430.01.LZZZZZZZ.jpg
738,You Belong To Me,Mary Higgins Clark,1999,http://images.amazon.com/images/P/0671004549.01.LZZZZZZZ.jpg
739,Zen and the Art of Motorcycle Maintenance: An Inquiry into Values,Robert M. Pirsig,2000,http://images.amazon.com/images/P/0060958324.01.LZZZZZZZ.jpg
740,Zoya,Danielle Steel,1989,http://images.amazon.com/images/P/0440203856.01.LZZZZZZZ.jpg
741,"\O\"" Is for Outlaw""",SUE GRAFTON,2001,http://images.amazon.com/images/P/0449003787.01.LZZZZZZZ.jpg
